datetime,temp_c,dewpoint_c,humidity_pct,wind_ms,gust_ms,pressure_hpa,precip_rate_mm,uv,solar_wm2,precip_accum_mm,wind_dir
2026-01-10 00:00:00,14.021666666666667,11.804166666666667,86.66666666666667,2.5366666666666666,3.6133333333333333,1001.2175000000001,1.576,0.0,0.0,0.51,NW
2026-01-10 01:00:00,13.621666666666668,11.549999999999999,87.5,1.6758333333333333,2.3958333333333335,1000.7083333333334,,0.0,0.0,0.51,NW
2026-01-10 02:00:00,13.874166666666667,11.180833333333332,83.75,2.0483333333333333,2.910833333333333,1000.0283333333333,,0.0,0.0,0.51,NW
2026-01-10 03:00:00,13.737499999999999,10.972499999999998,83.25,1.4875,2.09,999.2400000000001,,0.0,0.0,0.51,NNW
2026-01-10 04:00:00,13.6475,10.860833333333334,83.5,2.0416666666666665,3.0216666666666665,998.8766666666667,,0.0,0.0,0.51,NW
2026-01-10 05:00:00,13.512500000000001,10.064166666666667,79.75,2.455,3.590833333333333,998.14,,0.0,0.0,0.51,NW
2026-01-10 06:00:00,13.361666666666666,9.334166666666667,76.58333333333333,2.295,3.3883333333333336,997.715,,0.0,0.0,0.51,NNW
2026-01-10 07:00:00,12.931666666666667,7.9725,71.75,2.1133333333333333,2.950833333333333,997.3183333333333,,0.0,1.7,0.51,NNW
2026-01-10 08:00:00,11.7675,8.08,78.16666666666667,2.4483333333333333,3.515,997.12,1.8633333333333333,0.0,9.525,1.02,NNW
2026-01-10 09:00:00,9.953333333333333,8.380833333333333,90.08333333333333,1.0230000000000001,1.195,997.0066666666667,2.118333333333333,0.0,50.11666666666667,1.52,NNW
2026-01-10 10:00:00,9.513333333333334,8.371666666666668,92.5,2.0108333333333333,2.9508333333333336,996.5275,4.953333333333333,0.0,30.95,4.06,NE
2026-01-10 11:00:00,8.855833333333333,7.815833333333333,93.41666666666667,1.3225,1.9441666666666666,995.5133333333333,6.35125,0.9166666666666666,130.88333333333333,6.6,
2026-01-10 12:00:00,9.885,7.885000000000001,87.66666666666667,2.9324999999999997,4.2625,994.6933333333333,1.27,0.5833333333333334,106.175,6.86,NNW
2026-01-10 13:00:00,10.444166666666666,7.846666666666667,83.91666666666667,2.9058333333333333,4.2325,994.4383333333334,1.78,1.0,160.6,7.11,NW
2026-01-10 14:00:00,9.583333333333334,7.254166666666666,85.58333333333333,2.6525,3.8533333333333335,994.2691666666666,3.05,0.0,25.03333333333333,7.62,NNW
2026-01-10 15:00:00,8.616666666666667,7.253333333333334,91.08333333333333,2.3275,3.4316666666666666,994.1574999999999,3.1427272727272726,0.0,7.3999999999999995,9.65,
2026-01-10 16:00:00,7.944166666666667,6.8741666666666665,93.33333333333333,0.7088888888888889,0.9127272727272728,994.1574999999999,3.1983333333333337,0.0,0.10833333333333334,11.94,NW
2026-01-10 17:00:00,7.8374999999999995,7.029166666666666,94.83333333333333,0.20666666666666667,0.205,994.2683333333333,3.0925,0.0,0.0,14.73,North
2026-01-10 18:00:00,7.684166666666666,7.1241666666666665,95.83333333333333,0.14777777777777779,0.227,994.6933333333333,5.46125,0.0,0.0,17.27,North
2026-01-10 19:00:00,7.064166666666666,6.545833333333333,96.0,0.421,0.675,994.835,1.78,0.0,0.0,17.53,NNE
2026-01-10 20:00:00,6.338333333333334,4.469166666666667,88.25,3.4358333333333335,5.3025,994.5516666666667,1.27,0.0,0.0,17.78,West
2026-01-10 21:00:00,8.07,3.2908333333333335,72.0,4.135,6.3675,995.2316666666667,,0.0,0.0,17.78,WNW
2026-01-10 22:00:00,7.834166666666667,3.2225,72.75,3.5308333333333333,5.384166666666666,996.755,,0.0,0.0,17.78,East
2026-01-10 23:00:00,7.8525,3.08,71.91666666666667,2.6566666666666667,4.008333333333334,998.3383333333333,,0.0,0.0,17.78,WNW
2026-01-11 00:00:00,7.921666666666667,2.5325,68.91666666666667,1.3991666666666667,2.0933333333333333,999.605,,0.0,0.0,,NW
2026-01-11 01:00:00,8.049999999999999,1.7183333333333335,64.33333333333333,1.4816666666666667,2.1841666666666666,1000.85,,0.0,0.0,,NW
2026-01-11 02:00:00,8.648333333333333,-0.42166666666666663,53.083333333333336,2.466666666666667,3.736666666666667,1001.3850000000001,,0.0,0.0,,NW
2026-01-11 03:00:00,8.494166666666667,-1.1158333333333335,50.916666666666664,1.4675,2.1941666666666664,1002.1999999999999,,0.0,0.0,,NW
2026-01-11 04:00:00,7.203333333333333,-0.98,56.25,1.4791666666666667,2.1041666666666665,1003.5008333333334,,0.0,0.0,,NNW
2026-01-11 05:00:00,7.4775,-2.4033333333333333,49.75,1.7325,2.5524999999999998,1004.0883333333333,,0.0,0.0,,NNW
2026-01-11 06:00:00,8.143333333333333,-3.188333333333333,44.666666666666664,2.305833333333333,3.4941666666666666,1004.4566666666666,,0.0,0.075,,NW
2026-01-11 07:00:00,8.0225,-3.1675,44.916666666666664,2.194166666666667,3.3083333333333336,1005.3633333333333,,0.0,15.716666666666667,,NW
2026-01-11 08:00:00,8.764166666666666,-2.736666666666667,44.416666666666664,1.4291666666666665,2.0741666666666667,1007.0275,,0.0,57.93333333333334,,SSE
2026-01-11 09:00:00,8.314166666666667,-2.216666666666667,47.583333333333336,1.1108333333333333,1.5525,1008.1016666666666,,0.5833333333333334,120.84166666666665,,WNW
2026-01-11 10:00:00,9.384166666666667,-2.505,43.333333333333336,1.625,2.4208333333333334,1008.7808333333332,,1.5,214.40833333333333,,NE
2026-01-11 11:00:00,10.268333333333333,-2.9316666666666666,39.5,1.9041666666666666,2.8349999999999995,1009.0575,,2.9166666666666665,333.2,,ESE
2026-01-11 12:00:00,10.100833333333332,-4.221666666666667,36.333333333333336,1.4749999999999999,2.195,1009.3666666666667,,2.3333333333333335,297.7583333333333,,WNW
2026-01-11 13:00:00,9.945833333333333,-4.75,35.166666666666664,1.0883333333333334,1.6425,1009.9616666666667,,2.0,268.475,,NNW
2026-01-11 14:00:00,8.158333333333333,-5.633333333333333,37.333333333333336,1.1841666666666666,1.8258333333333334,1010.5566666666667,,0.25,79.65,,SE
2026-01-11 15:00:00,6.083333333333333,-5.384166666666666,43.833333333333336,0.4766666666666666,0.8283333333333333,1011.2616666666667,,0.0,33.875,,NW
2026-01-11 16:00:00,5.0325,-7.718333333333334,39.583333333333336,0.805,1.1925000000000001,1011.9916666666667,,0.0,8.458333333333334,,NNE
2026-01-11 17:00:00,4.3225,-11.129166666666668,31.75,1.4966666666666668,2.2041666666666666,1012.9833333333332,,0.0,0.0,,SE
2026-01-11 18:00:00,3.4158333333333335,-11.549999999999999,32.666666666666664,1.3499999999999999,2.0541666666666667,1013.8325,,0.0,0.0,,WNW
2026-01-11 19:00:00,2.3716666666666666,-11.356666666666667,35.666666666666664,1.7291666666666667,2.6416666666666666,1014.7866666666667,,0.0,0.0,,NW
2026-01-11 20:00:00,1.9483333333333333,-11.755,35.583333333333336,2.0683333333333334,3.0925,1015.6933333333333,,0.0,0.0,,NNE
2026-01-11 21:00:00,1.6441666666666668,-11.723333333333334,36.416666666666664,2.0108333333333333,3.0258333333333334,1016.5358333333334,,0.0,0.0,,NNW
2026-01-11 22:00:00,1.6900000000000002,-11.801666666666668,36.0,2.6408333333333336,4.1033333333333335,1017.0433333333334,,0.0,0.0,,West
2026-01-11 23:00:00,1.8466666666666667,-11.241666666666667,37.333333333333336,1.9858333333333331,2.9683333333333333,1017.9216666666666,,0.0,0.0,,WNW
2026-01-12 00:00:00,1.5608333333333333,-10.718333333333334,39.75,2.1425,3.138333333333333,1018.4866666666667,,0.0,0.0,,West
2026-01-12 01:00:00,1.555,-11.193333333333333,38.333333333333336,2.245833333333333,3.33,1019.0450000000001,,0.0,0.0,,NW
2026-01-12 02:00:00,1.8825,-11.718333333333334,35.75,2.5441666666666665,3.8066666666666666,1019.4983333333333,,0.0,0.0,,NNW
2026-01-12 03:00:00,1.05,-10.4125,42.25,1.7433333333333334,2.483333333333333,1020.2916666666666,,0.0,0.0,,NNW
2026-01-12 04:00:00,1.0816666666666668,-10.870833333333332,40.75,1.7375,2.5233333333333334,1020.6316666666667,,0.0,0.0,,NNW
2026-01-12 05:00:00,0.9441666666666667,-10.643333333333333,41.75,1.6316666666666666,2.2133333333333334,1021.0,,0.0,0.0,,NNW
2026-01-12 06:00:00,0.7258333333333334,-10.351666666666667,43.5,1.3308333333333333,1.8475000000000001,1021.5324999999999,,0.0,0.0,,NNW
2026-01-12 07:00:00,1.5599999999999998,-11.194166666666668,38.25,1.3608333333333336,1.9466666666666665,1022.0383333333333,,0.0,13.283333333333333,,NNW
2026-01-12 08:00:00,3.5549999999999997,-11.041666666666666,33.583333333333336,1.3041666666666667,1.8099999999999998,1022.4350000000001,,0.08333333333333333,63.49166666666667,,
2026-01-12 09:00:00,4.046666666666667,-10.950000000000001,32.583333333333336,2.276666666666667,3.25,1023.54,,1.0,160.41666666666666,,NW
2026-01-12 10:00:00,5.101666666666667,-11.101666666666667,30.0,2.089166666666667,3.0416666666666665,1023.4833333333332,,2.0,252.45000000000002,,NW
2026-01-12 11:00:00,6.055,-10.8775,28.5,2.1241666666666665,2.9575,1023.37,,2.8333333333333335,338.46666666666664,,ESE
2026-01-12 12:00:00,6.718333333333334,-10.661666666666667,27.75,2.1591666666666667,3.0475,1023.285,,2.3333333333333335,304.3333333333333,,WNW
2026-01-12 13:00:00,7.051666666666667,-11.116666666666667,26.166666666666668,2.670833333333333,3.6958333333333333,1022.7183333333334,,2.3333333333333335,283.21666666666664,,West
2026-01-12 14:00:00,6.427499999999999,-11.524166666666666,26.5,2.1725,3.0666666666666664,1022.8033333333333,,0.3333333333333333,81.13333333333334,,West
2026-01-12 15:00:00,5.421666666666667,-9.3475,33.833333333333336,1.4416666666666667,1.9833333333333334,1023.37,,0.0,28.150000000000002,,WNW
2026-01-12 16:00:00,3.7408333333333332,-7.801666666666667,42.666666666666664,1.0999999999999999,1.405,1023.625,,0.0,5.316666666666666,,NW
2026-01-12 17:00:00,2.7083333333333335,-7.2725,48.0,1.4675,1.8083333333333333,1023.93,,0.0,0.0,,NW
2026-01-12 18:00:00,2.795833333333333,-7.406666666666666,47.083333333333336,1.6458333333333333,2.058333333333333,1023.7366666666667,,0.0,0.0,,NW
2026-01-12 19:00:00,2.9941666666666666,-7.614999999999999,45.75,0.7066666666666667,0.9441666666666667,1023.8475,,0.0,0.0,,NNW
2026-01-12 20:00:00,3.1824999999999997,-6.864166666666667,47.916666666666664,1.0466666666666666,1.4116666666666668,1024.0983333333334,,0.0,0.0,,NNW
2026-01-12 21:00:00,3.269166666666667,-5.508333333333333,52.916666666666664,0.8958333333333334,1.2066666666666668,1024.0975,,0.0,0.0,,NNW
2026-01-12 22:00:00,3.6016666666666666,-5.453333333333333,51.75,1.7766666666666666,2.2583333333333333,1024.1258333333333,,0.0,0.0,,NNW
2026-01-12 23:00:00,3.9308333333333336,-3.9258333333333333,56.75,0.8616666666666667,1.055,1024.3516666666667,,0.0,0.0,,NW
2026-01-13 00:00:00,4.974166666666666,-1.9433333333333334,60.916666666666664,0.51,0.6591666666666667,1024.3516666666667,,0.0,0.0,,NNW
2026-01-13 01:00:00,5.235833333333333,-0.8283333333333333,64.83333333333333,0.5666666666666667,0.7216666666666667,1024.4933333333336,,0.0,0.0,,NNW
2026-01-13 02:00:00,5.4174999999999995,-0.18916666666666668,67.16666666666667,0.28909090909090907,0.4681818181818182,1024.8333333333333,,0.0,0.0,,NNW
2026-01-13 03:00:00,5.355833333333333,0.08,68.58333333333333,0.132,0.21818181818181817,1024.4366666666667,,0.0,0.0,,NNW
2026-01-13 04:00:00,5.3975,0.4625000000000001,70.58333333333333,0.35454545454545455,0.47454545454545455,1024.4366666666667,,0.0,0.0,,NNW
2026-01-13 05:00:00,5.494166666666666,1.3608333333333336,74.75,0.2733333333333334,0.3941666666666667,1024.635,,0.0,0.0,,NNW
2026-01-13 06:00:00,5.819166666666667,1.9208333333333334,76.0,0.3083333333333333,0.45083333333333336,1025.0316666666665,,0.0,0.0,,NNW
2026-01-13 07:00:00,5.781666666666666,2.874166666666667,81.66666666666667,0.2111111111111111,0.29545454545454547,1025.3433333333335,,0.0,2.433333333333333,,NNW
2026-01-13 08:00:00,5.695,3.8841666666666668,88.41666666666667,0.217,0.28363636363636363,1025.91,,0.0,16.233333333333334,,NNW
2026-01-13 09:00:00,6.413333333333333,4.5441666666666665,88.0,0.12428571428571429,0.173,1025.995,,0.0,53.15833333333333,,NNE
2026-01-13 10:00:00,7.338333333333334,5.245833333333334,86.58333333333333,0.22333333333333336,0.19166666666666665,1026.0233333333333,,0.0,73.72500000000001,,NNE
2026-01-13 11:00:00,7.971666666666667,5.2683333333333335,83.16666666666667,0.22,0.0975,1025.5983333333334,,0.0,58.48333333333333,,NNE
2026-01-13 12:00:00,8.375833333333334,5.389166666666667,81.58333333333333,0.07333333333333333,0.132,1025.0883333333334,,0.0,52.175000000000004,,NNE
2026-01-13 13:00:00,8.424999999999999,5.235833333333333,80.41666666666667,0.1725,0.29750000000000004,1024.72,,0.08333333333333333,64.94166666666666,,NNE
2026-01-13 14:00:00,8.323333333333332,5.195833333333334,80.75,0.17666666666666664,0.2888888888888889,1024.7766666666666,,0.0,35.300000000000004,,NE
2026-01-13 15:00:00,8.221666666666666,5.495,83.08333333333333,0.21571428571428572,0.28111111111111114,1024.6916666666668,,0.0,18.116666666666667,,NNE
2026-01-13 16:00:00,7.607500000000001,5.265,85.25,0.5236363636363636,0.6258333333333334,1024.7766666666666,,0.0,1.7083333333333333,,NNE
2026-01-13 17:00:00,7.3808333333333325,5.0925,85.5,0.538,0.6016666666666667,1024.7483333333332,,0.0,0.0,,NNE
2026-01-13 18:00:00,7.5975,5.051666666666667,83.91666666666667,0.3763636363636364,0.5236363636363636,1025.2016666666666,,0.0,0.0,,North
2026-01-13 19:00:00,7.259166666666666,5.179166666666666,86.75,0.5536363636363636,0.7236363636363636,1025.2583333333334,,0.0,0.0,,North
2026-01-13 20:00:00,7.375,5.439166666666666,87.58333333333333,0.6991666666666667,0.9166666666666666,1025.4283333333335,,0.0,0.0,,
2026-01-13 21:00:00,7.846666666666667,5.685833333333334,86.33333333333333,0.8218181818181818,1.089090909090909,1025.5133333333333,,0.0,0.0,,
2026-01-13 22:00:00,8.320833333333333,5.5008333333333335,82.33333333333333,0.6466666666666666,0.9533333333333333,1025.74,,0.0,0.0,,
2026-01-13 23:00:00,8.318333333333333,5.699166666666667,83.5,0.520909090909091,0.6366666666666666,1025.74,,0.0,0.0,,NNW
2026-01-14 00:00:00,8.214166666666667,5.915833333333333,85.66666666666667,0.5490909090909091,0.6258333333333334,1025.7683333333332,,0.0,0.0,,NW
2026-01-14 01:00:00,8.384166666666667,5.973333333333333,84.83333333333333,0.41363636363636364,0.5809090909090909,1025.5983333333334,,0.0,0.0,,NNW
2026-01-14 02:00:00,8.237499999999999,5.9725,85.75,0.6974999999999999,0.8908333333333333,1025.4,,0.0,0.0,,NNW
2026-01-14 03:00:00,8.1425,5.736666666666667,84.83333333333333,0.5883333333333333,0.7116666666666666,1025.1733333333334,,0.0,0.0,,NNW
2026-01-14 04:00:00,8.115833333333333,5.704166666666667,84.83333333333333,0.8083333333333332,0.9416666666666668,1025.06,,0.0,0.0,,NNW
2026-01-14 05:00:00,8.051666666666668,5.910833333333334,86.33333333333333,0.5783333333333334,0.7491666666666666,1025.06,,0.0,0.0,,NNW
2026-01-14 06:00:00,8.44,5.995,84.75,0.7374999999999999,0.9116666666666666,1025.06,,0.0,0.0,,NNW
2026-01-14 07:00:00,8.8575,6.370833333333334,84.58333333333333,0.6241666666666666,0.79,1025.23,,0.0,8.75,,NNW
2026-01-14 08:00:00,9.477500000000001,6.8933333333333335,84.08333333333333,0.5175,0.6675,1025.6833333333334,,0.0,26.058333333333334,,North
2026-01-14 09:00:00,10.5325,7.846666666666667,83.41666666666667,0.31857142857142856,0.294,1025.91,,0.0,43.300000000000004,,
2026-01-14 10:00:00,10.885833333333332,8.285,84.08333333333333,0.2966666666666667,0.31,1026.08,,0.0,59.00833333333333,,North
2026-01-14 11:00:00,11.31,8.487499999999999,82.83333333333333,0.065,0.06999999999999999,1025.9383333333333,,0.16666666666666666,83.74166666666666,,NNE
2026-01-14 12:00:00,12.486666666666666,8.629166666666666,77.25,0.077,0.15363636363636363,1025.23,,0.75,101.90833333333335,,NNE
2026-01-14 13:00:00,12.79,8.0975,73.0,0.26666666666666666,0.36900000000000005,1024.89,,0.08333333333333333,88.65833333333335,,NNE
2026-01-14 14:00:00,12.814166666666667,8.084166666666667,72.91666666666667,0.5075,0.7716666666666666,1024.55,,0.6666666666666666,101.68333333333334,,ESE
2026-01-14 15:00:00,12.276666666666666,8.283333333333333,76.58333333333333,0.07428571428571429,0.155,1024.6916666666668,,0.0,31.491666666666664,,NE
2026-01-14 16:00:00,11.259166666666667,8.4625,82.91666666666667,0.3781818181818182,0.5354545454545454,1024.5783333333334,,0.0,3.0749999999999997,,NNE
2026-01-14 17:00:00,10.935833333333333,8.291666666666666,83.75,0.5733333333333334,0.8433333333333334,1024.72,,0.0,0.0,,North
2026-01-14 18:00:00,10.420833333333334,8.4175,87.5,0.48833333333333334,0.6433333333333333,1024.8616666666667,,0.0,0.0,,North
2026-01-14 19:00:00,10.170833333333333,8.0325,86.58333333333333,0.7491666666666666,0.915,1024.89,,0.0,0.0,,NNW
2026-01-14 20:00:00,9.94,7.954166666666667,87.75,0.5772727272727273,0.6975000000000001,1024.89,,0.0,0.0,,
2026-01-14 21:00:00,9.176666666666668,7.385000000000001,89.0,1.0758333333333334,1.3383333333333332,1024.975,,0.0,0.0,,NNW
2026-01-14 22:00:00,8.671666666666667,7.226666666666667,90.58333333333333,0.8375,1.0583333333333333,1024.975,,0.0,0.0,,NNW
2026-01-14 23:00:00,8.698333333333332,7.490833333333334,91.91666666666667,0.7266666666666667,0.9016666666666667,1025.06,,0.0,0.0,,NNW
2026-01-15 00:00:00,9.33,7.940833333333334,90.83333333333333,0.83,0.9525,1024.975,,0.0,0.0,,NNW
2026-01-15 01:00:00,9.776666666666666,7.9575000000000005,88.83333333333333,0.5291666666666667,0.6991666666666667,1025.0316666666665,,0.0,0.0,,NNW
2026-01-15 02:00:00,9.653333333333334,7.905833333333334,89.16666666666667,0.4533333333333333,0.6,1024.9750000000001,,0.0,0.0,,NNW
2026-01-15 03:00:00,9.125,7.6675,90.5,0.9125,1.0908333333333333,1024.5216666666668,,0.0,0.0,,NNW
2026-01-15 04:00:00,8.523333333333333,7.338333333333334,92.25,0.8758333333333334,1.0574999999999999,1024.3233333333335,,0.0,0.0,,NNW
2026-01-15 05:00:00,8.2125,7.013333333333333,92.0,0.8066666666666666,0.9375,1024.21,,0.0,0.0,,NNW
2026-01-15 06:00:00,8.074166666666667,6.926666666666667,92.58333333333333,0.6516666666666667,0.7999999999999999,1024.2666666666667,,0.0,0.0,,NNW
2026-01-15 07:00:00,9.245833333333334,7.505,89.08333333333333,1.1516666666666666,1.3683333333333334,1024.38,,0.0,14.408333333333331,,NNW
2026-01-15 08:00:00,11.459166666666667,8.91,84.33333333333333,0.28833333333333333,0.4166666666666667,1024.5783333333334,,0.08333333333333333,67.0,,NNW
2026-01-15 09:00:00,12.481666666666667,8.815,78.5,0.6736363636363637,0.82,1024.9750000000001,,1.0,145.76666666666668,,NNE
2026-01-15 10:00:00,13.649166666666666,8.590833333333334,71.58333333333333,0.5033333333333333,0.7116666666666666,1025.23,,1.5,195.50833333333333,,NW
2026-01-15 11:00:00,15.175833333333335,8.264166666666666,63.416666666666664,0.9158333333333334,1.2708333333333333,1024.7483333333332,,3.75,424.84999999999997,,East
2026-01-15 12:00:00,15.7575,8.375,61.583333333333336,1.3866666666666667,1.8616666666666666,1024.0708333333334,,3.3333333333333335,390.43333333333334,,SE
2026-01-15 13:00:00,15.125,8.055833333333334,62.916666666666664,1.2266666666666666,1.6916666666666667,1023.7375000000001,,2.1666666666666665,280.10833333333335,,SSE
2026-01-15 14:00:00,14.299999999999999,8.398333333333333,67.83333333333333,0.2772727272727273,0.42,1023.3133333333334,,0.5,101.7,,ESE
2026-01-15 15:00:00,12.189166666666667,8.009166666666667,75.75,0.4227272727272728,0.5809090909090909,1023.1149999999999,,0.0,50.824999999999996,,NNE
2026-01-15 16:00:00,10.792499999999999,7.398333333333333,79.75,0.6491666666666667,0.8491666666666666,1023.0300000000001,,0.0,7.833333333333333,,NW
2026-01-15 17:00:00,10.665000000000001,7.1433333333333335,78.91666666666667,0.4558333333333333,0.5958333333333333,1023.0300000000001,,0.0,0.0,,NNW
2026-01-15 18:00:00,11.288333333333334,7.245,76.25,0.6024999999999999,0.7441666666666666,1023.3133333333334,,0.0,0.0,,NNW
2026-01-15 19:00:00,11.505,7.110833333333333,74.41666666666667,0.31916666666666665,0.47,1023.285,,0.0,0.0,,
2026-01-15 20:00:00,12.083333333333334,7.916666666666667,75.83333333333333,0.20727272727272725,0.3133333333333333,1023.3416666666667,,0.0,0.0,,NNE
2026-01-15 21:00:00,12.17,8.602500000000001,78.75,0.3575,0.5158333333333333,1023.1716666666666,,0.0,0.0,,North
2026-01-15 22:00:00,12.2975,9.5925,83.66666666666667,0.28818181818181815,0.4145454545454546,1023.0866666666666,,0.0,0.0,,NNE
2026-01-15 23:00:00,11.781666666666666,9.700000000000001,87.25,0.2225,0.365,1022.8316666666666,,0.0,0.0,,
2026-01-16 00:00:00,12.01,9.602500000000001,84.91666666666667,0.336,0.4166666666666667,1022.4066666666668,,0.0,0.0,,North
2026-01-16 01:00:00,12.240833333333333,9.63,84.0,0.18999999999999997,0.2783333333333333,1021.9816666666667,,0.0,0.0,,NNW
2026-01-16 02:00:00,12.411666666666667,9.725833333333334,83.58333333333333,0.2975,0.4291666666666667,1022.0099999999999,,0.0,0.0,,NNW
2026-01-16 03:00:00,12.407499999999999,9.711666666666668,83.58333333333333,0.4808333333333334,0.6,1021.84,,0.0,0.0,,NW
2026-01-16 04:00:00,12.2275,9.755,84.66666666666667,0.3290909090909091,0.46249999999999997,1021.5324999999999,,0.0,0.0,,NNW
2026-01-16 05:00:00,11.584166666666667,9.541666666666666,87.33333333333333,0.6041666666666666,0.7683333333333334,1021.4225,,0.0,0.0,,NNW
2026-01-16 06:00:00,11.445833333333333,9.333333333333334,87.0,0.7016666666666667,0.8566666666666666,1021.5324999999999,,0.0,0.0,,NNW
2026-01-16 07:00:00,11.601666666666667,9.274166666666668,85.5,0.6825,0.8158333333333334,1021.7833333333333,,0.0,11.983333333333334,,NNW
2026-01-16 08:00:00,12.463333333333333,9.990833333333333,84.91666666666667,0.33111111111111113,0.4677777777777778,1021.6991666666667,,0.0,49.59166666666667,,NNE
2026-01-16 09:00:00,13.723333333333334,10.360833333333334,80.25,0.2557142857142857,0.35125,1021.67,,0.5833333333333334,124.91666666666667,,
2026-01-16 10:00:00,15.861666666666666,9.648333333333333,66.58333333333333,1.2425,1.7041666666666666,1021.7266666666666,,2.0,267.39166666666665,,ESE
2026-01-16 11:00:00,15.972499999999998,9.74,66.75,1.5233333333333334,2.1175,1021.67,,2.1666666666666665,269.7916666666667,,SE
2026-01-16 12:00:00,15.430833333333332,10.346666666666666,71.75,1.9041666666666668,2.6225,1021.4499999999999,,3.3333333333333335,385.02500000000003,,ESE
2026-01-16 13:00:00,15.995,10.179166666666667,68.5,1.8733333333333333,2.5658333333333334,1021.0,,3.5,403.81666666666666,,SSE
2026-01-16 14:00:00,15.305,9.949166666666667,70.58333333333333,0.7758333333333334,1.1216666666666668,1020.6883333333334,,0.5833333333333334,112.93333333333334,,ENE
2026-01-16 15:00:00,14.046666666666667,9.893333333333333,76.25,0.2545454545454546,0.4181818181818182,1020.66,,0.0,39.59166666666667,,NW
2026-01-16 16:00:00,12.792499999999999,9.708333333333334,81.58333333333333,0.5816666666666667,0.7416666666666667,1020.66,,0.0,8.916666666666666,,NE
2026-01-16 17:00:00,11.424999999999999,9.022499999999999,85.0,0.9683333333333334,1.2108333333333334,1020.745,,0.0,0.0,,NW
2026-01-16 18:00:00,11.707500000000001,8.435,80.25,0.79,1.0275,1021.085,,0.0,0.0,,NNW
2026-01-16 19:00:00,11.94,8.074166666666667,77.16666666666667,0.7325,0.9491666666666667,1021.3116666666666,,0.0,0.0,,NNW
2026-01-16 20:00:00,11.190833333333332,7.586666666666667,78.58333333333333,0.9308333333333333,1.1358333333333333,1021.395,,0.0,0.0,,
2026-01-16 21:00:00,10.776666666666666,7.1025,78.16666666666667,1.0250000000000001,1.2966666666666666,1021.56,,0.0,0.0,,NW
2026-01-16 22:00:00,11.158333333333333,6.921666666666667,75.33333333333333,1.0016666666666667,1.3258333333333334,1021.56,,0.0,0.0,,NW
2026-01-16 23:00:00,11.449166666666665,6.5975,72.25,0.725,1.0266666666666666,1021.3108333333333,,0.0,0.0,,NNW
2026-01-17 00:00:00,11.291666666666666,6.2175,71.0,0.715,1.0325,1020.745,,0.0,0.0,,
2026-01-17 01:00:00,10.260833333333332,6.070833333333333,75.25,0.8116666666666666,1.0125,1020.66,,0.0,0.0,,NNW
2026-01-17 02:00:00,11.185,5.485833333333333,68.25,0.9941666666666666,1.3625,1020.3483333333334,,0.0,0.0,,NNW
2026-01-17 03:00:00,11.180833333333334,5.096666666666667,66.16666666666667,1.2033333333333334,1.5733333333333333,1020.2916666666666,,0.0,0.0,,NW
2026-01-17 04:00:00,10.68,4.42,65.5,0.9241666666666667,1.2041666666666668,1020.2066666666666,,0.0,0.0,,NNW
2026-01-17 05:00:00,10.703333333333333,4.0925,63.75,0.8958333333333334,1.1633333333333333,1020.32,,0.0,0.0,,NNW
2026-01-17 06:00:00,9.47,4.681666666666667,71.91666666666667,1.0516666666666667,1.2783333333333333,1020.6316666666667,,0.0,0.03333333333333333,,NNW
2026-01-17 07:00:00,9.8375,4.620833333333334,70.08333333333333,1.2175,1.4466666666666665,1020.915,,0.0,14.808333333333332,,NNW
2026-01-17 08:00:00,13.190833333333332,6.2825,63.0,0.6325,0.7966666666666667,1021.255,,0.0,54.76666666666667,,NW
2026-01-17 09:00:00,16.55,6.805,52.75,0.38,0.4708333333333334,1021.505,,1.25,158.57500000000002,,NNW
2026-01-17 10:00:00,17.473333333333333,4.961666666666667,43.666666666666664,1.2775,1.8108333333333333,1021.6424999999999,,2.0833333333333335,268.52500000000003,,ESE
2026-01-17 11:00:00,17.9875,4.449166666666667,40.666666666666664,3.0991666666666666,4.3933333333333335,1021.085,,2.9166666666666665,355.40000000000003,,SSE
2026-01-17 12:00:00,18.035833333333333,4.0008333333333335,39.333333333333336,3.248333333333333,4.723333333333334,1020.6033333333334,,3.0,322.7583333333333,,SSE
2026-01-17 13:00:00,17.801666666666666,4.360833333333333,41.083333333333336,3.1183333333333336,4.533333333333333,1020.2633333333333,,2.75,314.9583333333333,,SE
2026-01-17 14:00:00,16.263333333333332,4.611666666666667,46.083333333333336,0.6033333333333334,0.9166666666666666,1020.3483333333334,,0.6666666666666666,112.47500000000001,,ESE
2026-01-17 15:00:00,14.176666666666668,4.5183333333333335,52.333333333333336,0.4691666666666667,0.6858333333333334,1020.4616666666667,,0.0,33.766666666666666,,SE
2026-01-17 16:00:00,11.966666666666667,5.608333333333333,65.08333333333333,0.9533333333333333,1.2091666666666667,1020.6316666666667,,0.0,9.158333333333333,,NW
2026-01-17 17:00:00,11.0775,4.884166666666666,65.75,0.9833333333333334,1.2583333333333333,1020.8299999999999,,0.0,0.0,,NNW
2026-01-17 18:00:00,10.99,3.3225,59.25,1.2016666666666667,1.4866666666666666,1021.3383333333333,,0.0,0.0,,NNW
2026-01-17 19:00:00,10.298333333333334,3.01,60.583333333333336,0.9425,1.1916666666666667,1021.67,,0.0,0.0,,NNW
2026-01-17 20:00:00,9.8375,2.935,62.166666666666664,1.125,1.3575,1021.6983333333333,,0.0,0.0,,NW
2026-01-17 21:00:00,10.076666666666666,2.795833333333333,60.666666666666664,1.0441666666666667,1.2516666666666667,1021.8966666666666,,0.0,0.0,,NW
2026-01-17 22:00:00,9.786666666666667,3.0325,63.0,0.8150000000000001,1.0133333333333334,1022.1233333333333,,0.0,0.0,,NNW
2026-01-17 23:00:00,9.323333333333332,3.135,65.41666666666667,1.23,1.41,1022.5483333333333,,0.0,0.0,,NW
2026-01-18 00:00:00,8.966666666666667,3.231666666666667,67.41666666666667,1.0166666666666668,1.2008333333333334,1022.4916666666667,,0.0,0.0,,NW
2026-01-18 01:00:00,8.805833333333334,3.3841666666666668,68.83333333333333,0.9133333333333334,1.1166666666666667,1022.6616666666667,,0.0,0.0,,NNW
2026-01-18 02:00:00,8.167499999999999,3.471666666666667,72.25,0.8791666666666668,1.0650000000000002,1022.7183333333334,,0.0,0.0,,NNW
2026-01-18 03:00:00,8.9675,4.573333333333333,74.08333333333333,1.03,1.2516666666666667,1022.69,,0.0,0.0,,NNW
2026-01-18 04:00:00,8.244166666666667,5.254166666666667,81.5,0.6741666666666667,0.8641666666666666,1022.7183333333334,,0.0,0.0,,NNW
2026-01-18 05:00:00,8.273333333333333,4.67,78.16666666666667,0.7091666666666666,0.9491666666666667,1022.6333333333333,,0.0,0.0,,NNW
2026-01-18 06:00:00,8.008333333333335,3.464166666666667,73.08333333333333,0.7374999999999999,0.9716666666666667,1022.69,,0.0,0.03333333333333333,,NNW
2026-01-18 07:00:00,8.685,3.6108333333333333,70.66666666666667,0.6116666666666667,0.8416666666666667,1022.7183333333334,,0.0,15.708333333333334,,NNW
2026-01-18 08:00:00,11.57,4.916666666666667,63.75,0.29333333333333333,0.388,1023.1999999999999,,0.0,49.166666666666664,,
2026-01-18 09:00:00,14.329166666666666,5.445833333333333,55.166666666666664,0.45545454545454545,0.6133333333333333,1023.7083333333334,,1.0833333333333333,160.40833333333333,,ENE
2026-01-18 10:00:00,13.9825,3.5175,49.416666666666664,1.745,2.455,1024.0966666666666,,2.0,268.27500000000003,,SE
2026-01-18 11:00:00,13.944166666666668,1.7416666666666665,43.583333333333336,2.3666666666666667,3.3233333333333337,1024.2666666666667,,3.0,353.65000000000003,,SSE
2026-01-18 12:00:00,14.027500000000002,2.9633333333333334,47.333333333333336,1.6033333333333333,2.3441666666666667,1023.9291666666667,,3.0,322.18333333333334,,ESE
2026-01-18 13:00:00,14.324285714285713,1.9214285714285713,43.142857142857146,1.2442857142857142,1.7128571428571429,1023.37,,2.5714285714285716,296.6714285714285,,NW
2026-01-18 14:00:00,13.43,3.2641666666666667,50.5,0.9383333333333334,1.4100000000000001,1023.3133333333334,,0.6666666666666666,117.325,,West
2026-01-18 15:00:00,10.850833333333334,2.8925,58.0,0.82,1.1325,1023.285,,0.0,36.88333333333333,,NW
2026-01-18 16:00:00,9.3375,2.5883333333333334,62.666666666666664,0.9608333333333333,1.2449999999999999,1023.0583333333333,,0.0,9.216666666666667,,
2026-01-18 17:00:00,8.638333333333334,1.8975,62.75,1.2874999999999999,1.7183333333333335,1023.37,,0.0,0.0,,NW
2026-01-18 18:00:00,7.384,2.1109999999999998,69.4,0.978,1.161,1023.71,,0.0,0.0,,NW
2026-01-18 19:00:00,6.763333333333333,1.7641666666666669,70.41666666666667,0.9741666666666666,1.1925000000000001,1023.7366666666667,,0.0,0.0,,NW
2026-01-18 20:00:00,6.5008333333333335,0.5191666666666667,65.83333333333333,1.3558333333333332,1.755,1023.5966666666667,,0.0,0.0,,NW
2026-01-18 21:00:00,7.371666666666666,-1.5558333333333334,53.25,0.9458333333333333,1.2858333333333334,1023.9858333333333,,0.0,0.0,,NNW
2026-01-18 22:00:00,6.4991666666666665,-1.7791666666666668,55.666666666666664,1.4575000000000002,1.8916666666666666,1024.21,,0.0,0.0,,NW
2026-01-18 23:00:00,6.055,-1.9308333333333334,56.75,1.2633333333333334,1.6125,1024.38,,0.0,0.0,,NW
2026-01-19 00:00:00,6.959166666666667,-2.734166666666667,50.333333333333336,0.875,1.2008333333333334,1024.38,,0.0,0.0,,NW
2026-01-19 01:00:00,6.524166666666666,-3.268333333333333,49.5,1.0208333333333333,1.3858333333333333,1024.4083333333335,,0.0,0.0,,NNW
2026-01-19 02:00:00,6.226666666666667,-3.3941666666666666,50.166666666666664,0.6658333333333334,0.9533333333333333,1024.5216666666668,,0.0,0.0,,NNW
2026-01-19 03:00:00,5.89,-2.5825,54.75,0.5741666666666666,0.7941666666666666,1024.5216666666668,,0.0,0.0,,NNW
2026-01-19 04:00:00,5.426666666666667,-1.2225,62.5,0.7825000000000001,1.0758333333333334,1024.6066666666668,,0.0,0.0,,NNW
2026-01-19 05:00:00,4.685,-1.7141666666666666,63.25,1.2016666666666667,1.4566666666666668,1024.6066666666668,,0.0,0.0,,NNW
2026-01-19 06:00:00,4.201666666666667,-2.2916666666666665,62.833333333333336,1.155,1.4533333333333334,1024.9183333333333,,0.0,0.0,,NNW
2026-01-19 07:00:00,4.651666666666666,-2.8975000000000004,58.333333333333336,1.1275000000000002,1.4158333333333333,1025.0316666666665,,0.0,15.575000000000001,,NNW
2026-01-19 08:00:00,9.093333333333334,-2.388333333333333,44.583333333333336,0.2791666666666667,0.4366666666666667,1025.5416666666667,,0.0,43.31666666666666,,
2026-01-19 09:00:00,11.764166666666666,-1.8074999999999999,38.75,0.36083333333333334,0.5175,1026.0233333333333,,1.25,164.48333333333332,,NE
2026-01-19 10:00:00,12.004166666666668,-1.32,39.666666666666664,0.8075,1.1325,1026.1341666666667,,2.0833333333333335,269.26666666666665,,NW
2026-01-19 11:00:00,12.6475,-1.7300000000000002,37.083333333333336,0.9283333333333333,1.2725,1025.4,,2.9166666666666665,354.26666666666665,,West
2026-01-19 12:00:00,13.546666666666667,-2.3516666666666666,33.166666666666664,1.0925,1.5841666666666665,1024.89,,3.0,332.825,,WSW
2026-01-19 13:00:00,12.903333333333334,-3.4391666666666665,31.75,1.9866666666666666,2.749166666666667,1024.38,,2.75,323.55833333333334,,WNW
2026-01-19 14:00:00,11.934166666666668,-2.2825,37.25,1.5341666666666667,2.0375,1024.38,,0.75,122.0,,West
2026-01-19 15:00:00,9.701666666666666,-0.7266666666666667,48.333333333333336,1.515,1.9408333333333332,1024.6066666666668,,0.0,34.208333333333336,,WNW
2026-01-19 16:00:00,8.4025,-1.1908333333333334,50.916666666666664,1.2483333333333333,1.6458333333333333,1024.55,,0.0,7.3,,NW
2026-01-19 17:00:00,7.4775,-1.6125,52.583333333333336,1.0383333333333333,1.4566666666666668,1024.7766666666666,,0.0,0.0,,NW
2026-01-19 18:00:00,6.499166666666667,-1.7249999999999999,55.666666666666664,0.2758333333333333,0.44916666666666666,1025.1166666666666,,0.0,0.0,,North
2026-01-19 19:00:00,5.603333333333333,-1.4716666666666667,60.416666666666664,1.0091666666666665,1.215,1025.2866666666666,,0.0,0.0,,NNW
2026-01-19 20:00:00,5.714166666666666,-1.8975,58.25,1.105,1.4458333333333335,1025.2866666666666,,0.0,0.0,,NW
2026-01-19 21:00:00,4.824166666666667,-1.755,62.416666666666664,1.0808333333333333,1.3833333333333335,1025.5133333333333,,0.0,0.0,,NNW
2026-01-19 22:00:00,5.129166666666666,-2.0841666666666665,59.666666666666664,1.0091666666666665,1.3416666666666668,1025.74,,0.0,0.0,,ENE
2026-01-19 23:00:00,5.195,-2.4633333333333334,57.833333333333336,0.915,1.1816666666666666,1026.135,,0.0,0.0,,NNW
2026-01-20 00:00:00,5.6525,-3.1958333333333333,53.166666666666664,0.8391666666666667,1.1633333333333333,1026.08,,0.0,0.0,,NW
2026-01-20 01:00:00,5.675,-4.365833333333334,48.5,0.8966666666666666,1.1958333333333333,1026.0516666666665,,0.0,0.0,,NNW
2026-01-20 02:00:00,6.25,-5.2316666666666665,43.75,1.1241666666666668,1.5016666666666667,1026.1625,,0.0,0.0,,NNW
2026-01-20 03:00:00,5.68,-5.291666666666667,45.333333333333336,1.095,1.4400000000000002,1026.0233333333333,,0.0,0.0,,NNW
2026-01-20 04:00:00,6.06,-5.9991666666666665,41.75,1.2716666666666667,1.6183333333333332,1025.5416666666667,,0.0,0.0,,NNW
2026-01-20 05:00:00,5.69,-5.615833333333334,44.0,1.42,1.7366666666666666,1024.975,,0.0,0.0,,NNW
2026-01-20 06:00:00,6.740833333333334,-6.963333333333334,37.083333333333336,1.3925,1.8991666666666667,1024.6066666666668,,0.0,0.03333333333333333,,NNW
2026-01-20 07:00:00,7.291666666666667,-6.8758333333333335,35.75,1.6049999999999998,2.1483333333333334,1024.38,,0.0,15.883333333333333,,NNW
2026-01-20 08:00:00,9.505,-6.564166666666666,31.75,1.5075,2.1341666666666668,1024.0141666666666,,0.16666666666666666,68.74166666666666,,NW
2026-01-20 09:00:00,11.351666666666667,-6.6625000000000005,27.666666666666668,1.4741666666666668,2.0591666666666666,1023.6533333333333,,1.3333333333333333,176.60833333333335,,WNW
2026-01-20 10:00:00,12.380833333333333,-6.0925,27.166666666666668,1.4891666666666667,2.0425,1023.2283333333334,,2.0833333333333335,271.175,,WNW
2026-01-20 11:00:00,14.834166666666667,-6.778333333333333,22.0,0.8908333333333333,1.2975,1022.3783333333334,,2.9166666666666665,328.98333333333335,,SE
2026-01-20 12:00:00,15.194166666666668,-9.495,17.333333333333332,2.2391666666666667,3.3649999999999998,1021.195,,3.0,358.5416666666667,,NW
2026-01-20 13:00:00,14.74,-8.814166666666667,18.666666666666668,2.858333333333333,4.1466666666666665,1020.235,,2.5,294.73333333333335,,SSE
2026-01-20 14:00:00,13.341666666666667,-7.635000000000001,22.583333333333332,3.1908333333333334,4.465,1020.1783333333334,,0.5833333333333334,138.25833333333333,,SE
2026-01-20 15:00:00,12.299999999999999,-7.75,23.916666666666668,2.545,3.598333333333333,1020.4050000000001,,0.0,55.65833333333333,,NE
2026-01-20 16:00:00,11.6025,-7.822500000000001,25.0,2.2383333333333333,3.2258333333333336,1019.8666666666667,,0.0,11.608333333333334,,ESE
2026-01-20 17:00:00,11.369166666666667,-7.219166666666666,26.583333333333332,3.3083333333333336,4.575,1019.4416666666666,,0.0,0.0,,SE
2026-01-20 18:00:00,11.361666666666666,-6.709166666666667,27.666666666666668,3.3441666666666667,4.766666666666667,1018.9325,,0.0,0.0,,SE
2026-01-20 19:00:00,11.698333333333332,-7.9624999999999995,24.416666666666668,4.513333333333333,6.266666666666667,1018.9050000000001,,0.0,0.0,,SE
2026-01-20 20:00:00,11.444166666666668,-7.939166666666666,24.833333333333332,2.9433333333333334,4.43,1018.5166666666668,,0.0,0.0,,SE
2026-01-20 21:00:00,11.448333333333332,-7.952500000000001,24.916666666666668,2.9308333333333336,4.328333333333333,1018.035,,0.0,0.0,,SE
2026-01-20 22:00:00,11.467500000000001,-7.778333333333333,25.166666666666668,2.595,3.828333333333333,1017.61,,0.0,0.0,,SE
2026-01-20 23:00:00,11.425833333333335,-7.868333333333333,25.0,2.1566666666666667,3.2449999999999997,1017.2133333333333,,0.0,0.0,,SSE
2026-01-21 00:00:00,11.3975,-7.8741666666666665,25.0,1.8550000000000002,2.8983333333333334,1016.3133333333334,,0.0,0.0,,SE
2026-01-21 01:00:00,11.360833333333334,-7.8975,25.083333333333332,1.7916666666666667,2.705,1015.5233333333334,,0.0,0.0,,WNW
2026-01-21 02:00:00,11.369166666666667,-7.780833333333334,25.25,1.4108333333333334,2.12,1014.73,,0.0,0.0,,NW
2026-01-21 03:00:00,11.410833333333334,-7.980833333333334,25.0,1.5841666666666667,2.4166666666666665,1014.055,,0.0,0.0,,NNW
2026-01-21 04:00:00,11.449166666666665,-7.616666666666667,25.5,2.171666666666667,3.141666666666667,1013.6916666666666,,0.0,0.0,,NW
2026-01-21 05:00:00,10.556666666666667,-4.713333333333334,34.25,2.965,4.671666666666667,1012.955,,0.0,0.0,,NW
2026-01-21 06:00:00,9.459166666666667,0.0,51.916666666666664,4.0575,5.909166666666667,1012.8416666666667,,0.0,0.0,,NW
2026-01-21 07:00:00,9.518333333333333,2.6258333333333335,62.083333333333336,3.0841666666666665,4.378333333333333,1012.5583333333334,,0.0,6.333333333333333,,NW
2026-01-21 08:00:00,9.5425,3.7408333333333332,67.0,2.0749999999999997,2.9766666666666666,1011.9916666666667,,0.0,22.400000000000002,,South
2026-01-21 09:00:00,9.606666666666667,4.429166666666666,70.25,1.8549999999999998,2.794166666666667,1011.4008333333333,,0.25,61.574999999999996,,South
2026-01-21 10:00:00,9.765,5.190833333333333,73.16666666666667,1.6991666666666667,2.5408333333333335,1010.9250000000001,,0.5,96.625,,SSE
2026-01-21 11:00:00,9.365833333333333,5.805833333333333,78.5,1.7249999999999999,2.5708333333333333,1009.9616666666667,1.6525,0.16666666666666666,83.55,0.51,South
2026-01-21 12:00:00,9.329166666666667,6.318333333333334,81.58333333333333,1.4158333333333333,2.214166666666667,1009.0033333333332,2.203333333333333,0.0,45.25833333333333,0.76,ESE
2026-01-21 13:00:00,10.5375,5.528333333333333,71.25,1.5758333333333334,2.36,1008.1583333333333,1.78,0.0,49.71666666666667,1.02,SE
2026-01-21 14:00:00,10.411666666666667,5.2491666666666665,70.33333333333333,2.13,3.2441666666666666,1007.4216666666666,,0.0,47.458333333333336,1.02,SE
2026-01-21 15:00:00,10.7025,5.254166666666667,69.16666666666667,1.55,2.3466666666666667,1006.7983333333333,1.27,0.0,24.13333333333333,1.27,ESE
2026-01-21 16:00:00,9.574166666666667,5.5275,75.91666666666667,1.4124999999999999,2.1,1006.52,1.5250000000000001,0.0,3.15,1.78,SE
2026-01-21 17:00:00,8.588333333333333,6.323333333333333,85.83333333333333,0.7775,1.215,1005.8449999999999,1.9066666666666665,0.0,0.0,2.54,ENE
2026-01-21 18:00:00,9.125,6.601666666666667,84.41666666666667,1.2266666666666668,1.8550000000000002,1005.2783333333333,1.5250000000000001,0.0,0.0,3.05,ENE
2026-01-21 19:00:00,8.551666666666668,7.1525,90.75,0.4583333333333333,0.6666666666666666,1004.6550000000001,1.5250000000000001,0.0,0.0,3.56,NE
2026-01-21 20:00:00,8.5,7.285833333333334,92.08333333333333,0.3116666666666667,0.5258333333333333,1004.1750000000001,1.474,0.0,0.0,4.06,East
2026-01-21 21:00:00,8.3975,7.273333333333333,92.91666666666667,0.6483333333333333,0.965,1003.3616666666667,,0.0,0.0,4.06,NNE
2026-01-21 22:00:00,9.875,6.93,82.08333333333333,0.6516666666666667,0.9458333333333333,1002.9366666666666,,0.0,0.0,4.06,SE
2026-01-21 23:00:00,10.355833333333333,6.806666666666666,78.91666666666667,0.6558333333333334,0.9683333333333334,1002.625,,0.0,0.0,4.06,SE
2026-01-22 00:00:00,9.856666666666667,6.963333333333334,82.33333333333333,0.47083333333333327,0.6216666666666667,1002.1149999999999,,0.0,0.0,,NNW
2026-01-22 01:00:00,8.735,7.139166666666667,89.83333333333333,0.33916666666666667,0.4666666666666666,1001.6350000000001,,0.0,0.0,,NNW
2026-01-22 02:00:00,8.610833333333334,7.014166666666667,89.58333333333333,0.435,0.5958333333333333,1001.02,,0.0,0.0,,NNW
2026-01-22 03:00:00,8.625,6.810833333333334,88.33333333333333,0.5708333333333333,0.7358333333333333,1000.4533333333334,,0.0,0.0,,NNW
2026-01-22 04:00:00,8.865833333333333,6.8950000000000005,87.58333333333333,0.465,0.61,1000.0,,0.0,0.0,,NNW
2026-01-22 05:00:00,9.278333333333334,7.06,86.0,0.4875,0.6258333333333334,999.745,,0.0,0.0,,NNW
2026-01-22 06:00:00,9.454166666666667,6.684166666666666,82.83333333333333,0.6366666666666666,0.7858333333333333,999.6883333333334,,0.0,0.0,,NNW
2026-01-22 07:00:00,9.800833333333333,6.810833333333334,81.75,0.7374999999999999,0.9033333333333333,999.745,1.78,0.0,13.158333333333333,0.25,NNW
2026-01-22 08:00:00,9.675833333333333,7.496666666666666,86.5,0.8016666666666666,0.9391666666666666,999.9433333333333,,0.0,37.475,0.25,NNW
2026-01-22 09:00:00,11.214166666666666,8.013333333333334,80.91666666666667,0.6581818181818182,0.7972727272727272,1000.0,,0.0,70.95833333333333,0.25,NNW
2026-01-22 10:00:00,12.245,9.140833333333333,81.41666666666667,0.20800000000000002,0.2990909090909091,1000.0,,0.4166666666666667,97.69166666666666,0.25,NNW
2026-01-22 11:00:00,12.805,8.769166666666667,76.25,0.46249999999999997,0.7083333333333334,999.8299999999999,,1.0833333333333333,159.05833333333334,0.25,NNW
2026-01-22 12:00:00,13.260833333333332,8.560833333333333,73.33333333333333,0.5433333333333333,0.7866666666666666,999.66,,0.16666666666666666,62.49166666666667,0.25,ENE
2026-01-22 13:00:00,12.634166666666665,8.87,77.66666666666667,0.21666666666666667,0.3733333333333333,999.4900000000001,,0.0,47.041666666666664,0.25,North
2026-01-22 14:00:00,12.865833333333335,8.569166666666666,75.16666666666667,0.372,0.5025000000000001,999.4616666666667,,0.0,63.31666666666666,0.25,NE
2026-01-22 15:00:00,13.030833333333334,8.060833333333333,71.75,0.9791666666666666,1.3724999999999998,999.66,,0.0,43.93333333333334,0.25,East
2026-01-22 16:00:00,12.255,8.290833333333333,76.75,0.2427272727272727,0.3566666666666667,999.66,,0.0,7.783333333333334,0.25,ESE
2026-01-22 17:00:00,11.356666666666667,8.273333333333333,81.41666666666667,0.42400000000000004,0.645,999.8583333333332,,0.0,0.0,0.25,NNE
2026-01-22 18:00:00,10.694166666666668,8.561666666666666,86.83333333333333,0.3125,0.5058333333333334,1000.3966666666666,,0.0,0.0,0.25,SE
2026-01-22 19:00:00,10.101666666666667,8.818333333333333,91.83333333333333,0.26333333333333336,0.3941666666666667,1000.68,3.3549999999999995,0.0,0.0,2.54,North
2026-01-22 20:00:00,9.773333333333333,8.875,94.58333333333333,0.16625,0.23500000000000001,1001.02,3.022222222222222,0.0,0.0,4.06,
2026-01-22 21:00:00,9.701666666666666,9.082500000000001,95.66666666666667,0.37454545454545457,0.48833333333333334,1001.19,,0.0,0.0,4.06,NNW
2026-01-22 22:00:00,9.7125,9.207500000000001,96.0,0.25833333333333336,0.3416666666666666,1001.4133333333334,,0.0,0.0,4.06,
2026-01-22 23:00:00,9.735000000000001,9.306666666666667,97.0,0.27749999999999997,0.3622222222222222,1001.69,2.2875,0.0,0.0,4.57,North
2026-01-23 00:00:00,9.476666666666667,9.078333333333333,97.0,0.16666666666666666,0.2427272727272727,1001.5250000000001,,0.0,0.0,,NNW
2026-01-23 01:00:00,9.425833333333333,9.055,97.25,0.5908333333333333,0.7216666666666667,1001.6350000000001,,0.0,0.0,,NW
2026-01-23 02:00:00,9.3475,9.050833333333333,98.0,0.38090909090909086,0.5072727272727273,1001.6075000000001,,0.0,0.0,,NNW
2026-01-23 03:00:00,8.953333333333333,8.675,98.0,0.3763636363636364,0.5409090909090909,1001.4425,,0.0,0.0,,NNW
2026-01-23 04:00:00,9.203333333333333,8.875,98.0,0.5281818181818182,0.6418181818181817,1001.4975000000001,,0.0,0.0,,NNW
2026-01-23 05:00:00,9.3325,9.0525,98.0,0.5583333333333333,0.6974999999999999,1001.6350000000001,,0.0,0.0,,NNW
2026-01-23 06:00:00,9.339166666666666,9.06,98.0,0.33499999999999996,0.48333333333333334,1001.8883333333333,,0.0,0.0,,NNW
2026-01-23 07:00:00,9.394166666666667,9.110833333333334,98.0,0.5,0.6699999999999999,1002.3416666666667,,0.0,7.375,,NNW
2026-01-23 08:00:00,9.8225,9.538333333333332,98.0,0.4691666666666667,0.7308333333333333,1002.8516666666666,,0.0,25.425,,North
2026-01-23 09:00:00,10.049999999999999,9.568333333333333,96.58333333333333,0.8258333333333333,1.1083333333333334,1003.4466666666667,,0.0,32.166666666666664,,NW
2026-01-23 10:00:00,10.704166666666666,10.0925,96.0,0.1775,0.33499999999999996,1003.7291666666666,1.97,0.0,65.26666666666667,0.51,NNE
2026-01-23 11:00:00,11.4825,10.879166666666668,96.0,0.13,0.096,1003.7016666666667,,1.0,123.63333333333333,0.51,NNE
2026-01-23 12:00:00,12.319166666666668,11.281666666666666,93.41666666666667,0.09,0.08666666666666667,1003.6733333333333,,1.0,142.65,0.51,NE
2026-01-23 13:00:00,13.375833333333333,11.009166666666667,85.66666666666667,0.44857142857142857,0.477,1003.4183333333334,,1.0,144.21666666666667,0.51,NE
2026-01-23 14:00:00,13.394166666666665,10.4325,82.41666666666667,0.33499999999999996,0.5183333333333333,1003.5883333333333,,1.0,120.74166666666667,0.51,
2026-01-23 15:00:00,13.075000000000001,10.384166666666667,83.83333333333333,0.21800000000000003,0.367,1003.5033333333334,,0.0,54.86666666666667,0.51,ESE
2026-01-23 16:00:00,11.6025,10.384166666666667,92.16666666666667,0.28,0.40454545454545454,1003.73,,0.0,8.049999999999999,0.51,NNE
2026-01-23 17:00:00,10.565,9.64,94.33333333333333,0.5491666666666667,0.6958333333333333,1004.0625,,0.0,0.0,0.51,North
2026-01-23 18:00:00,10.235000000000001,9.420833333333333,95.0,0.6166666666666667,0.7949999999999999,1004.6833333333334,,0.0,0.0,0.51,
2026-01-23 19:00:00,10.268333333333333,9.5275,95.25,0.519090909090909,0.7027272727272728,1005.2783333333333,,0.0,0.0,0.51,North
2026-01-23 20:00:00,9.5925,8.833333333333334,95.08333333333333,0.8045454545454546,0.95,1005.7599999999999,,0.0,0.0,0.51,NNE
2026-01-23 21:00:00,9.005,8.485833333333334,96.0,0.7525000000000001,0.915,1006.0433333333334,,0.0,0.0,0.51,NNW
2026-01-23 22:00:00,9.041666666666666,8.542499999999999,96.08333333333333,0.63,0.7691666666666667,1006.1566666666668,,0.0,0.0,0.51,NNW
2026-01-23 23:00:00,8.99,8.518333333333333,96.41666666666667,0.8125,0.9341666666666667,1006.4666666666667,,0.0,0.0,0.51,NNW
2026-01-24 00:00:00,9.685833333333333,9.0925,95.75,0.3941666666666667,0.5316666666666666,1006.8266666666667,,0.0,0.0,,NNW
2026-01-24 01:00:00,8.976666666666667,8.332500000000001,95.58333333333333,0.5625,0.7075,1006.9683333333334,,0.0,0.0,,NNW
2026-01-24 02:00:00,8.901666666666666,8.383333333333333,96.0,0.6791666666666667,0.815,1007.025,,0.0,0.0,,NNW
2026-01-24 03:00:00,9.509166666666667,8.851666666666667,95.5,0.29090909090909095,0.46727272727272723,1006.8833333333333,,0.0,0.0,,NNW
2026-01-24 04:00:00,9.404166666666667,8.457500000000001,94.16666666666667,0.3016666666666667,0.4466666666666667,1006.855,,0.0,0.0,,NNW
2026-01-24 05:00:00,10.1675,9.123333333333333,93.41666666666667,0.43583333333333335,0.6333333333333333,1007.3083333333334,1.4885714285714287,0.0,0.0,0.76,NNW
2026-01-24 06:00:00,10.231666666666667,9.44,95.08333333333333,0.22916666666666666,0.3466666666666667,1007.3650000000001,1.27,0.0,0.03333333333333333,0.76,NNW
2026-01-24 07:00:00,10.163333333333334,9.594166666666666,96.16666666666667,0.264,0.345,1007.4783333333334,,0.0,7.941666666666666,0.76,NNW
2026-01-24 08:00:00,10.804166666666667,10.286666666666667,96.41666666666667,0.21166666666666667,0.3283333333333333,1007.8183333333333,,0.0,30.375,0.76,
2026-01-24 09:00:00,12.694166666666666,11.068333333333333,90.0,1.1475,1.6433333333333333,1008.3283333333334,,0.4166666666666667,94.14999999999999,0.76,ENE
2026-01-24 10:00:00,14.029166666666667,10.453333333333333,79.25,1.6466666666666665,2.35,1008.8649999999999,,0.8333333333333334,139.35833333333332,0.76,East
2026-01-24 11:00:00,13.14,10.121666666666666,82.25,1.5199999999999998,2.1599999999999997,1008.8649999999999,3.305,0.25,53.083333333333336,1.78,ESE
2026-01-24 12:00:00,12.185,10.406666666666666,88.83333333333333,1.3158333333333332,1.9016666666666666,1008.4133333333333,,0.0,46.10833333333333,1.78,East
2026-01-24 13:00:00,12.153333333333334,10.686666666666667,90.66666666666667,1.6166666666666665,2.2958333333333334,1008.1016666666666,1.4885714285714287,0.0,30.675,2.54,East
2026-01-24 14:00:00,11.832500000000001,10.721666666666666,93.0,1.6624999999999999,2.421666666666667,1008.4416666666667,3.55875,0.0,23.15833333333333,4.32,East
2026-01-24 15:00:00,11.625,10.68,94.25,1.6624999999999999,2.435,1008.4983333333333,2.186,0.0,9.441666666666666,5.08,East
2026-01-24 16:00:00,11.704166666666666,10.750833333333333,94.25,1.22,1.7750000000000001,1008.7524999999999,2.694,0.0,0.6666666666666666,5.84,ENE
2026-01-24 17:00:00,11.769166666666665,10.768333333333333,93.83333333333333,0.9908333333333333,1.4825,1009.225,3.163333333333333,0.0,0.0,7.62,East
2026-01-24 18:00:00,12.174999999999999,11.0925,93.16666666666667,1.5608333333333333,2.2125,1009.5366666666667,,0.0,0.0,7.62,East
2026-01-24 19:00:00,13.1475,11.097499999999998,87.5,2.0616666666666665,2.783333333333333,1010.0183333333333,,0.0,0.0,7.62,NE
2026-01-24 20:00:00,13.024166666666666,11.523333333333333,90.58333333333333,1.7958333333333334,2.6083333333333334,1009.9616666666667,9.501999999999999,0.0,0.0,10.41,ESE
2026-01-24 21:00:00,13.680833333333334,11.782499999999999,88.41666666666667,2.089166666666667,2.9316666666666666,1010.16,9.65,0.0,0.0,13.97,ESE
2026-01-24 22:00:00,12.876666666666667,11.9625,94.33333333333333,1.7291666666666667,2.4708333333333337,1009.9616666666667,7.545,0.0,0.0,17.27,East
2026-01-24 23:00:00,12.925833333333335,12.184166666666668,95.16666666666667,1.2666666666666666,1.9474999999999998,1010.16,,0.0,0.0,17.27,NNE
2026-01-25 00:00:00,12.930833333333334,12.274166666666666,95.75,1.4525,2.1725,1010.0749999999999,,0.0,0.0,,NNW
2026-01-25 01:00:00,13.329166666666666,12.314166666666667,93.66666666666667,1.595,2.375,1009.6783333333333,3.812,0.0,0.0,1.27,NNW
2026-01-25 02:00:00,13.180833333333332,11.76,91.41666666666667,1.99,2.794166666666667,1009.565,1.78,0.0,0.0,1.52,NNW
2026-01-25 03:00:00,12.894166666666665,11.328333333333333,90.33333333333333,1.0825,1.6166666666666665,1009.3666666666667,2.9225,0.0,0.0,2.29,NNW
2026-01-25 04:00:00,13.31,11.055833333333334,86.41666666666667,1.3216666666666665,1.9733333333333334,1008.92,,0.0,0.0,2.29,NW
2026-01-25 05:00:00,14.508333333333333,10.74,78.16666666666667,2.026666666666667,2.9808333333333334,1008.5266666666666,,0.0,0.0,2.29,NW
2026-01-25 06:00:00,15.269166666666665,10.333333333333334,72.41666666666667,2.2600000000000002,3.23,1008.215,,0.0,0.0,2.29,NNW
2026-01-25 07:00:00,15.000833333333333,9.985833333333334,72.08333333333333,1.5333333333333332,2.1266666666666665,1008.555,,0.0,1.95,2.29,NNW
2026-01-25 08:00:00,14.848333333333334,9.986666666666666,72.75,1.305,1.9083333333333334,1007.8466666666667,,0.0,18.816666666666666,2.29,NNW
2026-01-25 09:00:00,14.0225,10.226666666666667,77.91666666666667,0.48666666666666664,0.7258333333333334,1007.11,,0.0,23.59166666666667,2.29,NNE
2026-01-25 10:00:00,14.9325,9.995,72.5,0.8608333333333333,1.2475,1006.605,,0.0,24.016666666666666,2.29,SE
2026-01-25 11:00:00,15.39,9.705,68.91666666666667,1.1216666666666668,1.5725,1005.7883333333333,,0.0,42.416666666666664,2.29,East
2026-01-25 12:00:00,14.957500000000001,10.628333333333334,75.33333333333333,0.26916666666666667,0.41333333333333333,1005.0516666666667,,0.0,47.949999999999996,2.29,NE
2026-01-25 13:00:00,15.888333333333334,9.4825,65.83333333333333,1.2708333333333333,1.8066666666666666,1004.2866666666665,,0.0,17.55,2.29,ENE
2026-01-25 14:00:00,16.18916666666667,9.38,63.916666666666664,1.5599999999999998,2.2275,1003.895,,0.0,13.533333333333333,2.29,ESE
2026-01-25 15:00:00,15.598333333333334,10.149166666666668,70.0,2.2133333333333334,3.2591666666666668,1003.1916666666666,,0.0,4.7749999999999995,2.29,East
2026-01-25 16:00:00,15.986666666666666,11.545,74.83333333333333,3.063333333333333,4.491666666666666,1002.9083333333333,,0.0,0.2333333333333333,2.29,East
2026-01-25 17:00:00,16.191666666666666,12.0475,76.5,3.5325,5.278333333333333,1002.965,,0.0,0.0,2.29,ENE
2026-01-25 18:00:00,16.037499999999998,12.180833333333334,77.66666666666667,3.7175,5.483333333333333,1002.455,,0.0,0.0,2.29,ENE
2026-01-25 19:00:00,12.736666666666666,10.911666666666667,88.91666666666667,3.3441666666666667,4.741666666666666,1002.5683333333333,6.553999999999999,0.0,0.0,7.11,ENE
2026-01-25 20:00:00,10.7725,10.014166666666666,95.25,0.7741666666666668,1.125,1002.54,20.554166666666667,0.0,0.0,22.86,NW
2026-01-25 21:00:00,10.274166666666668,9.676666666666668,96.0,0.29,0.4209090909090909,1002.1149999999999,5.610833333333333,0.0,0.0,27.94,NNW
2026-01-25 22:00:00,9.949166666666667,9.5175,96.75,0.38727272727272727,0.5183333333333333,1002.1999999999999,7.491666666666667,0.0,0.0,34.8,
2026-01-25 23:00:00,9.9075,9.518333333333333,97.0,0.27499999999999997,0.4075,1001.7466666666668,9.418333333333333,0.0,0.0,43.18,NNW
2026-01-26 00:00:00,9.875,9.463333333333333,97.0,0.45,0.7341666666666667,1001.3866666666667,9.056666666666667,0.0,0.0,8.38,NW
2026-01-26 01:00:00,9.166666666666666,8.764166666666666,97.0,0.3383333333333334,0.5175,1001.86,9.9475,0.0,0.0,17.02,NW
2026-01-26 02:00:00,8.499166666666666,8.088333333333333,97.0,0.6627272727272727,0.9525,1001.0475,5.609999999999999,0.0,0.0,21.08,NNW
2026-01-26 03:00:00,8.375833333333334,7.985833333333333,97.0,0.7008333333333333,0.995,999.745,2.5418181818181815,0.0,0.0,22.86,NNW
2026-01-26 04:00:00,8.210833333333333,7.7749999999999995,97.0,0.7941666666666666,1.0691666666666666,999.5749999999999,1.6525,0.0,0.0,23.62,NNW
2026-01-26 05:00:00,8.055833333333334,7.718333333333334,97.75,0.7109090909090909,0.8958333333333334,999.2375000000001,,0.0,0.0,23.62,NNW
2026-01-26 06:00:00,7.885000000000001,7.601666666666667,98.0,0.49583333333333335,0.6816666666666666,999.1558333333334,,0.0,0.0,23.62,NNW
2026-01-26 07:00:00,8.088333333333333,7.786666666666666,98.0,0.5475,0.7408333333333333,999.3483333333334,,0.0,6.391666666666667,23.62,NNW
2026-01-26 08:00:00,8.666666666666666,8.360833333333334,98.0,0.41250000000000003,0.555,999.5183333333333,,0.0,29.108333333333334,23.62,NNE
2026-01-26 09:00:00,9.7225,9.406666666666666,98.0,0.16999999999999998,0.25,999.3483333333334,,0.5,109.125,23.62,NNW
2026-01-26 10:00:00,9.759166666666667,9.450000000000001,97.83333333333333,0.3125,0.43222222222222223,999.5466666666666,,1.75,234.4333333333333,23.62,North
2026-01-26 11:00:00,10.636666666666667,9.9075,95.33333333333333,0.3983333333333334,0.5808333333333333,999.1275,,1.0833333333333333,154.57500000000002,23.62,South
2026-01-26 12:00:00,11.129166666666668,9.424999999999999,89.41666666666667,0.5625,0.7966666666666667,998.9041666666667,,1.0,148.49166666666667,23.62,NNW
2026-01-26 13:00:00,12.112499999999999,9.786666666666667,86.0,0.22166666666666668,0.36083333333333334,998.5649999999999,1.27,1.3333333333333333,188.04999999999998,23.88,NNE
2026-01-26 14:00:00,12.106666666666667,9.81,85.83333333333333,0.07,0.12363636363636364,998.5366666666667,1.27,0.8333333333333334,114.21666666666665,23.88,North
2026-01-26 15:00:00,11.876666666666667,9.916666666666666,88.0,0.1325,0.21666666666666667,998.4233333333333,,0.0,68.64999999999999,23.88,NNE
2026-01-26 16:00:00,10.185,9.045833333333333,92.75,0.375,0.48000000000000004,998.3666666666667,,0.0,17.0,23.88,North
2026-01-26 17:00:00,8.940833333333332,8.160833333333334,95.0,0.6327272727272727,0.7216666666666667,998.48,,0.0,0.0,23.88,North
2026-01-26 18:00:00,8.575000000000001,8.056666666666667,96.0,0.5690909090909091,0.8027272727272727,998.9050000000001,,0.0,0.0,23.88,NNE
2026-01-26 19:00:00,8.369166666666667,7.848333333333334,96.0,0.47,0.6536363636363636,999.3216666666667,,0.0,0.0,23.88,North
2026-01-26 20:00:00,8.158333333333333,7.614999999999999,96.0,0.555,0.7783333333333333,999.4333333333334,,0.0,0.0,23.88,
2026-01-26 21:00:00,7.851666666666667,7.336666666666667,96.0,0.31916666666666665,0.48416666666666663,999.66,,0.0,0.0,23.88,North
2026-01-26 22:00:00,8.049999999999999,7.392500000000001,95.5,0.7658333333333333,1.0491666666666666,1000.085,,0.0,0.0,23.88,North
2026-01-26 23:00:00,8.111666666666666,7.091666666666666,93.66666666666667,0.6633333333333333,0.8758333333333334,1000.5099999999999,,0.0,0.0,23.88,NW
2026-01-27 00:00:00,7.5225,6.713333333333334,94.83333333333333,0.7641666666666667,0.9866666666666667,1000.3966666666666,,0.0,0.0,,NW
2026-01-27 01:00:00,7.939166666666666,6.265,89.08333333333333,0.8416666666666667,1.1291666666666667,1000.7083333333334,,0.0,0.0,,NNW
2026-01-27 02:00:00,7.754166666666666,6.041666666666667,88.83333333333333,0.9725,1.3341666666666665,1000.9633333333333,,0.0,0.0,,NNW
2026-01-27 03:00:00,8.758333333333333,5.489166666666667,80.0,1.2358333333333333,1.6891666666666667,1001.0483333333333,,0.0,0.0,,NNW
2026-01-27 04:00:00,9.065833333333332,4.8525,75.08333333333333,1.4741666666666668,1.96,1001.4133333333334,,0.0,0.0,,NNW
2026-01-27 05:00:00,8.976666666666667,4.3966666666666665,73.08333333333333,1.2766666666666666,1.7333333333333334,1001.6075000000001,,0.0,0.0,,NNW
2026-01-27 06:00:00,8.633333333333333,4.139166666666667,73.58333333333333,1.2183333333333335,1.55,1001.7466666666668,,0.0,0.06666666666666667,,NNW
2026-01-27 07:00:00,7.984999999999999,4.01,76.0,1.01,1.2750000000000001,1002.4266666666667,,0.0,15.358333333333334,,NNW
2026-01-27 08:00:00,10.175833333333333,4.513333333333334,68.25,1.195,1.5308333333333335,1002.9366666666666,,0.16666666666666666,69.55,,NNW
2026-01-27 09:00:00,13.06,4.195833333333334,55.083333333333336,1.5225,2.1008333333333336,1003.7833333333333,,1.5,192.70833333333334,,West
2026-01-27 10:00:00,14.707500000000001,4.068333333333333,48.833333333333336,1.0133333333333334,1.4008333333333332,1004.0883333333333,,2.5,303.14166666666665,,NW
2026-01-27 11:00:00,15.76,3.938333333333333,45.333333333333336,0.8808333333333334,1.2583333333333333,1004.1166666666667,,3.75,411.02500000000003,,West
2026-01-27 12:00:00,15.527500000000002,3.670833333333333,45.166666666666664,1.3216666666666665,1.8624999999999998,1004.1166666666667,,3.0,375.3333333333333,,NNW
2026-01-27 13:00:00,15.527500000000002,4.666666666666667,48.5,0.9733333333333333,1.4008333333333332,1004.23,,3.0833333333333335,381.0833333333333,,ENE
2026-01-27 14:00:00,15.2675,6.305833333333333,55.333333333333336,0.47333333333333333,0.7041666666666666,1004.6833333333334,,1.25,170.75833333333333,,WSW
2026-01-27 15:00:00,12.597499999999998,6.047499999999999,64.5,1.1041666666666667,1.4383333333333332,1005.08,,0.0,37.15,,NNW
2026-01-27 16:00:00,11.055833333333332,6.513333333333333,73.75,1.1366666666666667,1.4758333333333333,1005.505,,0.0,13.833333333333334,,NNW
2026-01-27 17:00:00,9.709166666666667,6.009166666666666,77.75,1.8058333333333334,2.3175,1005.9866666666667,,0.0,0.0,,NW
2026-01-27 18:00:00,9.185,5.517499999999999,77.83333333333333,0.6883333333333334,0.9316666666666666,1006.6325,,0.0,0.0,,NW
2026-01-27 19:00:00,8.466666666666667,5.3,80.66666666666667,1.1025,1.3225,1006.8266666666667,,0.0,0.0,,NNW
2026-01-27 20:00:00,8.8325,5.333333333333333,78.58333333333333,0.9041666666666667,1.1433333333333333,1007.195,,0.0,0.0,,NW
2026-01-27 21:00:00,8.711666666666668,5.4991666666666665,80.41666666666667,0.7558333333333334,0.9466666666666667,1007.195,,0.0,0.0,,NW
2026-01-27 22:00:00,8.6775,5.398333333333333,80.16666666666667,0.7458333333333332,0.9675000000000001,1007.5916666666667,,0.0,0.0,,NNW
2026-01-27 23:00:00,7.865833333333334,5.574166666666667,85.5,0.7983333333333333,0.9591666666666666,1007.7333333333332,,0.0,0.0,,North
2026-01-28 00:00:00,8.610000000000001,5.865833333333334,82.91666666666667,1.1199999999999999,1.2825,1007.4783333333334,,0.0,0.0,,NW
2026-01-28 01:00:00,8.764166666666666,6.139166666666667,83.75,0.6858333333333334,0.8375,1007.6483333333334,,0.0,0.0,,NW
2026-01-28 02:00:00,9.050833333333333,6.505,84.08333333333333,0.5925,0.7566666666666667,1007.7616666666667,,0.0,0.0,,NNW
2026-01-28 03:00:00,9.598333333333334,6.855833333333333,83.33333333333333,0.2866666666666667,0.40166666666666667,1007.6483333333334,,0.0,0.0,,NNW
2026-01-28 04:00:00,9.658333333333333,7.169999999999999,84.58333333333333,0.33181818181818185,0.49636363636363634,1007.535,,0.0,0.0,,NNW
2026-01-28 05:00:00,9.5,6.900833333333334,84.08333333333333,0.25833333333333336,0.4066666666666667,1006.855,,0.0,0.0,,NNW
2026-01-28 06:00:00,9.833333333333334,6.980833333333333,82.58333333333333,0.2941666666666667,0.46249999999999997,1006.77,,0.0,0.0,,NNW
2026-01-28 07:00:00,11.559166666666668,7.800833333333333,77.75,1.4225,2.0116666666666667,1006.4941666666667,,0.0,10.066666666666666,,NW
2026-01-28 08:00:00,12.180833333333332,8.079166666666667,76.0,1.625,2.231666666666667,1006.1,,0.0,55.583333333333336,,ESE
2026-01-28 09:00:00,12.694166666666668,8.63,76.25,2.283333333333333,3.1216666666666666,1005.9583333333334,,0.75,108.16666666666667,,ESE
2026-01-28 10:00:00,12.845833333333333,8.245,73.75,2.28,3.185833333333333,1005.3066666666667,,0.25,81.86666666666666,,SE
2026-01-28 11:00:00,13.454166666666666,7.083333333333333,65.41666666666667,2.7675,3.8966666666666665,1004.0633333333334,,0.4166666666666667,92.53333333333335,,ESE
2026-01-28 12:00:00,12.935833333333333,7.740833333333334,70.75,2.4475000000000002,3.4225,1002.7666666666668,1.78,0.0,23.15833333333333,0.25,SE
2026-01-28 13:00:00,11.495833333333332,8.638333333333334,82.75,1.9083333333333332,2.700833333333333,1001.2166666666667,2.1816666666666666,0.0,17.366666666666667,1.78,ESE
2026-01-28 14:00:00,10.81,8.860833333333334,87.91666666666667,1.7175,2.4116666666666666,999.8016666666667,1.525,0.0,12.816666666666668,2.54,ENE
2026-01-28 15:00:00,10.513333333333334,9.106666666666667,91.0,1.5533333333333335,2.174166666666667,998.62,4.745,0.0,8.933333333333334,6.6,ESE
2026-01-28 16:00:00,10.935,9.83,93.0,2.5775,3.535,997.4883333333333,4.639166666666667,0.0,0.9916666666666667,10.67,SE
2026-01-28 17:00:00,10.8525,9.800833333333333,93.41666666666667,3.143333333333333,4.53,997.3183333333333,6.520833333333333,0.0,0.0,16.51,ESE
2026-01-28 18:00:00,10.911666666666667,10.195,95.41666666666667,1.2325,1.8183333333333334,997.375,8.615,0.0,0.0,23.88,East
2026-01-28 19:00:00,11.148333333333333,10.564166666666667,96.16666666666667,0.455,0.6333333333333333,997.4883333333333,7.04875,0.0,0.0,27.18,East
2026-01-28 20:00:00,11.905833333333334,11.4225,96.66666666666667,0.6749999999999999,0.9683333333333334,997.4883333333333,,0.0,0.0,27.18,NNE
2026-01-28 21:00:00,11.680833333333332,11.088333333333333,96.0,0.5066666666666667,0.7608333333333334,997.7433333333333,,0.0,0.0,27.18,North
2026-01-28 22:00:00,11.074166666666665,10.51,96.08333333333333,0.38833333333333336,0.6033333333333334,997.8850000000001,,0.0,0.0,27.18,North
2026-01-28 23:00:00,10.58,10.056666666666667,96.33333333333333,0.4983333333333333,0.7374999999999999,997.9133333333334,,0.0,0.0,27.18,NNW
2026-01-29 00:00:00,10.824166666666665,10.398333333333333,96.91666666666667,0.4025,0.6191666666666666,997.715,,0.0,0.0,,NNW
2026-01-29 01:00:00,10.143333333333333,9.5275,95.83333333333333,0.7200000000000001,0.9425,997.6016666666666,,0.0,0.0,,NNW
2026-01-29 02:00:00,9.823333333333332,8.949166666666667,94.58333333333333,0.7583333333333333,0.9825,997.2049999999999,,0.0,0.0,,NNW
2026-01-29 03:00:00,9.541666666666666,8.759166666666667,95.0,0.8316666666666667,1.0591666666666666,996.4166666666666,,0.0,0.0,,NNW
2026-01-29 04:00:00,9.398333333333333,8.861666666666666,96.0,0.7391666666666667,1.0183333333333333,995.4866666666667,,0.0,0.0,,NNW
2026-01-29 05:00:00,8.884166666666667,8.370833333333334,96.0,0.8941666666666667,1.0875000000000001,994.6933333333333,,0.0,0.0,,NNW
2026-01-29 06:00:00,8.096666666666666,7.670833333333333,96.83333333333333,0.7041666666666666,0.9116666666666666,994.5233333333334,,0.0,0.21666666666666667,,NNW
2026-01-29 07:00:00,8.42,7.930833333333333,96.33333333333333,1.07,1.2558333333333334,994.5516666666667,,0.0,24.599999999999998,,NNW
2026-01-29 08:00:00,10.184166666666666,8.9625,92.25,0.65,0.9033333333333333,994.3533333333334,,0.0,48.199999999999996,,NNW
2026-01-29 09:00:00,12.5225,8.931666666666667,78.66666666666667,1.1875,1.5875000000000001,993.7950000000001,,0.9166666666666666,136.65833333333333,,ESE
2026-01-29 10:00:00,12.7875,8.939166666666667,77.5,0.8541666666666666,1.1175,993.57,,0.5833333333333334,106.04166666666667,,NW
2026-01-29 11:00:00,13.902500000000002,9.9675,77.25,0.325,0.4666666666666666,993.1733333333333,,1.0,129.875,,NNW
2026-01-29 12:00:00,13.765,9.351666666666667,74.75,1.0733333333333335,1.4716666666666667,992.6066666666666,,0.8333333333333334,123.7,,NW
2026-01-29 13:00:00,13.050833333333335,9.334999999999999,78.33333333333333,1.1191666666666666,1.5275,992.21,,0.0,81.84166666666667,,WNW
2026-01-29 14:00:00,12.488333333333335,9.495,82.0,0.8641666666666667,1.1891666666666667,992.4083333333333,,0.0,56.55833333333334,,NNW
2026-01-29 15:00:00,11.583333333333334,9.305,85.91666666666667,0.7258333333333334,0.9566666666666667,992.9466666666667,,0.0,33.858333333333334,,NW
2026-01-29 16:00:00,10.911666666666667,8.846666666666666,87.16666666666667,1.18,1.5391666666666666,993.4000000000001,,0.0,7.25,,
2026-01-29 17:00:00,10.1725,8.75,90.91666666666667,0.7633333333333333,1.0033333333333332,993.8508333333334,,0.0,0.0,,NW
2026-01-29 18:00:00,10.523333333333333,8.93,90.0,1.0325,1.405,994.2683333333333,,0.0,0.0,,North
2026-01-29 19:00:00,10.37,9.138333333333334,92.08333333333333,0.5808333333333333,0.8158333333333333,994.4666666666667,,0.0,0.0,,NNE
2026-01-29 20:00:00,9.611666666666666,8.518333333333333,93.0,0.38000000000000006,0.5333333333333333,994.8916666666668,,0.0,0.0,,NNW
2026-01-29 21:00:00,9.735833333333334,8.704166666666667,93.58333333333333,0.48333333333333334,0.63,995.855,1.27,0.0,0.0,0.25,NNW
2026-01-29 22:00:00,9.755833333333333,9.078333333333333,95.41666666666667,0.6058333333333333,0.7566666666666667,996.335,1.78,0.0,0.0,0.51,
2026-01-29 23:00:00,9.329166666666667,8.815,96.0,0.7154545454545455,0.9436363636363637,996.695,1.78,0.0,0.0,0.51,NW
2026-01-30 00:00:00,9.110833333333334,8.703333333333333,96.91666666666667,0.5327272727272727,0.6333333333333333,996.8933333333334,,0.0,0.0,,NNW
2026-01-30 01:00:00,8.726666666666667,8.309166666666668,97.0,1.02,1.1733333333333333,997.4033333333333,,0.0,0.0,,NNW
2026-01-30 02:00:00,8.526666666666666,8.227500000000001,98.0,0.5016666666666667,0.625,997.8000000000001,,0.0,0.0,,NNW
2026-01-30 03:00:00,8.698333333333332,8.380833333333333,97.75,0.6816666666666666,0.8683333333333333,997.8566666666667,,0.0,0.0,,NNW
2026-01-30 04:00:00,8.5475,8.147499999999999,97.0,0.8716666666666667,1.0733333333333333,997.8000000000001,,0.0,0.0,,NNW
2026-01-30 05:00:00,8.333333333333334,7.920833333333333,97.0,0.7558333333333334,0.9733333333333333,998.14,,0.0,0.0,,NNW
2026-01-30 06:00:00,8.950000000000001,8.509166666666667,96.66666666666667,0.6108333333333333,0.8416666666666667,998.8766666666667,,0.0,0.0,,NNW
2026-01-30 07:00:00,9.476666666666667,8.9625,96.0,0.22818181818181815,0.3475,999.4341666666668,1.27,0.0,13.658333333333333,0.25,NNW
2026-01-30 08:00:00,9.926666666666668,9.464166666666666,96.66666666666667,0.1775,0.23454545454545456,999.915,,0.0,66.06666666666666,0.25,
2026-01-30 09:00:00,10.283333333333333,9.588333333333333,95.5,0.19,0.27499999999999997,1000.34,1.78,0.0,59.61666666666667,0.51,NE
2026-01-30 10:00:00,9.805833333333334,8.9125,94.5,0.32999999999999996,0.47,1000.8783333333332,4.173333333333333,0.0,30.608333333333334,3.81,NNW
2026-01-30 11:00:00,9.305833333333334,8.786666666666667,96.0,0.345,0.5391666666666667,1000.8216666666666,9.398333333333333,0.0,26.891666666666666,11.68,NNE
2026-01-30 12:00:00,8.740833333333333,8.315,97.0,0.2918181818181818,0.42363636363636364,1000.5099999999999,8.736,0.6666666666666666,103.60833333333333,17.53,
2026-01-30 13:00:00,10.403333333333334,9.818333333333333,96.16666666666667,0.379,0.5383333333333332,999.915,,3.4166666666666665,394.68333333333334,17.53,North
2026-01-30 14:00:00,12.755833333333333,9.435,80.5,0.6375,0.9233333333333333,999.9433333333333,,2.25,288.71666666666664,17.53,SSE
2026-01-30 15:00:00,11.762500000000001,8.471666666666666,80.5,0.532,0.6699999999999999,1000.34,,0.3333333333333333,78.46666666666667,17.53,ESE
2026-01-30 16:00:00,10.475833333333334,8.981666666666667,90.58333333333333,0.40166666666666667,0.5499999999999999,1000.3966666666666,,0.0,21.766666666666666,17.53,
2026-01-30 17:00:00,8.651666666666666,7.758333333333333,94.41666666666667,0.6525,0.8125,1000.7366666666667,,0.0,0.03333333333333333,17.53,NW
2026-01-30 18:00:00,8.535833333333333,7.940833333333333,95.75,0.275,0.3781818181818182,1001.19,,0.0,0.0,17.53,North
2026-01-30 19:00:00,8.453333333333333,7.953333333333333,96.0,0.5766666666666667,0.7708333333333334,1001.0483333333333,3.406,0.0,0.0,19.05,North
2026-01-30 20:00:00,7.9775,7.4725,96.0,0.8016666666666666,1.2108333333333334,1001.69,6.52,0.0,0.0,24.38,NW
2026-01-30 21:00:00,7.57,7.115833333333334,96.5,0.5016666666666667,0.7766666666666667,1001.415,,0.0,0.0,24.38,NNE
2026-01-30 22:00:00,7.579166666666667,7.1625000000000005,97.0,0.9091666666666667,1.1808333333333334,1001.7491666666666,1.27,0.0,0.0,24.64,NNW
2026-01-30 23:00:00,7.416666666666667,7.0325,97.08333333333333,0.7191666666666667,0.8983333333333333,1001.7466666666668,,0.0,0.0,24.64,NNW
2026-01-31 00:00:00,6.796666666666667,6.489999999999999,98.0,0.7608333333333334,0.965,1001.69,,0.0,0.0,,NNW
2026-01-31 01:00:00,7.1525,6.8566666666666665,98.0,0.6966666666666667,0.8558333333333333,1001.4425,,0.0,0.0,,NW
2026-01-31 02:00:00,6.9575,6.645,98.0,0.6183333333333333,0.7866666666666666,1001.3316666666666,,0.0,0.0,,NNW
2026-01-31 03:00:00,6.4725,6.185,98.0,0.8041666666666667,0.9566666666666667,1001.1333333333333,,0.0,0.0,,NNW
2026-01-31 04:00:00,6.926666666666667,6.6325,98.0,0.7933333333333333,0.9833333333333334,1001.1616666666667,,0.0,0.0,,NNW
2026-01-31 05:00:00,7.091666666666666,6.809166666666667,98.0,0.6333333333333333,0.7716666666666666,1001.2183333333334,,0.0,0.0,,NNW
2026-01-31 06:00:00,6.976666666666667,6.7825,98.91666666666667,0.5554545454545455,0.665,1001.5525000000001,,0.0,0.2916666666666667,,NNW
2026-01-31 07:00:00,7.13,6.8975,98.66666666666667,0.7275,0.9008333333333334,1001.5250000000001,,0.0,23.375,,NNW
2026-01-31 08:00:00,8.209999999999999,7.9075,98.0,0.3675,0.46222222222222226,1002.0016666666667,,0.0,71.29166666666667,,
2026-01-31 09:00:00,9.6725,9.351666666666667,97.91666666666667,0.22333333333333336,0.2542857142857143,1002.3983333333334,,1.0833333333333333,149.95833333333334,,NNE
2026-01-31 10:00:00,12.259166666666667,9.013333333333334,81.25,0.4891666666666667,0.6883333333333334,1002.54,,3.1666666666666665,374.76666666666665,,East
2026-01-31 11:00:00,12.518333333333333,8.110833333333334,74.41666666666667,1.055,1.4008333333333332,1002.37,,2.6666666666666665,326.5083333333333,,NW
2026-01-31 12:00:00,12.903333333333334,7.959166666666667,72.08333333333333,0.94,1.3025,1002.37,,3.0833333333333335,358.36666666666673,,WNW
2026-01-31 13:00:00,13.14,7.921666666666667,70.66666666666667,0.7525,1.0658333333333332,1002.37,,3.0833333333333335,347.2083333333333,,SE
2026-01-31 14:00:00,13.925833333333335,8.505,69.83333333333333,0.8008333333333333,1.19,1002.37,,2.1666666666666665,259.48333333333335,,ESE
2026-01-31 15:00:00,11.393333333333333,8.285833333333334,81.33333333333333,0.14777777777777779,0.23083333333333333,1002.5683333333333,,0.0,42.03333333333333,,NE
2026-01-31 16:00:00,9.311666666666667,7.713333333333334,89.91666666666667,0.7125,0.8825,1002.9083333333333,,0.0,17.25,,NNE
2026-01-31 17:00:00,8.523333333333333,7.435,93.08333333333333,0.9275000000000001,1.1216666666666668,1002.88,,0.0,0.075,,North
2026-01-31 18:00:00,7.925833333333333,6.954166666666667,94.0,0.7408333333333333,0.9766666666666667,1002.8516666666666,,0.0,0.0,,NNW
2026-01-31 19:00:00,7.38,6.448333333333333,94.33333333333333,1.08,1.2466666666666668,1003.0216666666666,,0.0,0.0,,NW
2026-01-31 20:00:00,7.213333333333334,5.773333333333333,90.5,1.0091666666666665,1.2075,1002.9083333333333,,0.0,0.0,,NW
2026-01-31 21:00:00,7.110833333333333,5.2875000000000005,88.33333333333333,0.935,1.1133333333333333,1002.6533333333333,,0.0,0.0,,NNW
2026-01-31 22:00:00,7.7875000000000005,4.8341666666666665,81.91666666666667,1.0458333333333334,1.305,1002.3133333333334,,0.0,0.0,,NNW
2026-01-31 23:00:00,8.528333333333334,4.3374999999999995,75.08333333333333,1.0641666666666667,1.3441666666666665,1001.9166666666666,,0.0,0.0,,NNW
2026-02-01 00:00:00,8.866666666666667,4.055833333333333,71.91666666666667,1.1500000000000001,1.5525,1001.1041666666666,,0.0,0.0,,NW
2026-02-01 01:00:00,9.39,3.7908333333333335,68.33333333333333,1.5283333333333333,1.9983333333333333,1000.68,,0.0,0.0,,NW
2026-02-01 02:00:00,9.158333333333333,3.561666666666667,68.0,1.3008333333333333,1.7216666666666667,1000.6516666666666,,0.0,0.0,,NNW
2026-02-01 03:00:00,9.6175,2.9916666666666667,63.5,1.1624999999999999,1.58,999.915,,0.0,0.0,,NNW
2026-02-01 04:00:00,9.699166666666667,2.953333333333333,63.0,1.2858333333333334,1.7516666666666667,999.4341666666668,,0.0,0.0,,NNW
2026-02-01 05:00:00,9.709166666666667,2.6999999999999997,61.833333333333336,1.0799999999999998,1.5166666666666666,999.4050000000001,,0.0,0.0,,NNW
2026-02-01 06:00:00,10.13,2.5,59.166666666666664,1.6241666666666668,2.16,999.3775,,0.0,0.17500000000000002,,NNW
2026-02-01 07:00:00,10.838333333333333,2.3466666666666667,56.166666666666664,1.4641666666666666,1.9533333333333334,999.8866666666667,,0.0,20.983333333333334,,NNW
2026-02-01 08:00:00,10.8375,3.69,61.583333333333336,0.9325,1.2033333333333334,1000.2833333333333,,0.25,78.43333333333334,,NNW
2026-02-01 09:00:00,13.8925,3.1025000000000005,48.416666666666664,0.8891666666666667,1.2891666666666668,1000.4816666666667,,1.0,165.07500000000002,,
2026-02-01 10:00:00,14.249166666666667,2.6941666666666664,45.583333333333336,1.2783333333333333,1.8283333333333334,1000.4250000000001,,1.0,143.96666666666667,,South
2026-02-01 11:00:00,14.111666666666666,4.388333333333334,52.0,0.47583333333333333,0.7275,1000.3683333333333,,1.0,133.29999999999998,,ENE
2026-02-01 12:00:00,13.0875,6.8425,66.0,0.7525,1.0825,1000.3116666666666,,1.0,117.24166666666667,,NE
2026-02-01 13:00:00,12.205,7.498333333333334,73.16666666666667,1.1283333333333332,1.5283333333333333,1000.5099999999999,,0.25,85.89999999999999,,NNW
2026-02-01 14:00:00,11.282499999999999,8.263333333333334,81.83333333333333,0.5836363636363636,0.7875,1000.7083333333334,,0.16666666666666666,63.333333333333336,,NNW
2026-02-01 15:00:00,10.615833333333333,8.355833333333333,86.0,0.7641666666666667,1.0183333333333333,1000.935,,0.0,51.14166666666667,,
2026-02-01 16:00:00,10.555833333333334,7.661666666666666,82.16666666666667,0.6,0.8036363636363636,1001.02,,0.0,25.058333333333334,,NW
2026-02-01 17:00:00,9.370833333333334,7.3325,87.33333333333333,0.7858333333333333,0.9725,1001.4425,,0.0,0.075,,
2026-02-01 18:00:00,9.496666666666666,6.786666666666666,83.41666666666667,0.47500000000000003,0.64,1001.69,,0.0,0.0,,NW
2026-02-01 19:00:00,9.1,5.870833333333334,80.25,0.8458333333333333,1.1075000000000002,1001.69,,0.0,0.0,,NW
2026-02-01 20:00:00,9.610833333333334,5.435,75.16666666666667,1.0241666666666667,1.3216666666666665,1002.0016666666667,,0.0,0.0,,NNW
2026-02-01 21:00:00,9.62,5.193333333333333,73.83333333333333,0.6666666666666666,0.9283333333333333,1002.2566666666667,,0.0,0.0,,NNW
2026-02-01 22:00:00,9.1425,5.060833333333333,75.58333333333333,0.4058333333333333,0.5891666666666667,1002.5966666666667,,0.0,0.0,,
2026-02-01 23:00:00,8.764166666666666,5.828333333333333,81.91666666666667,0.4925,0.6333333333333333,1003.0216666666666,,0.0,0.0,,NNW
2026-02-02 00:00:00,8.575,5.968333333333334,83.83333333333333,0.45,0.61,1003.1916666666666,,0.0,0.0,,NNW
2026-02-02 01:00:00,7.9675,5.920833333333333,87.0,0.7108333333333333,0.8641666666666667,1003.1916666666666,,0.0,0.0,,NW
2026-02-02 02:00:00,8.509166666666667,5.713333333333334,82.5,0.8333333333333334,1.1033333333333333,1003.2199999999999,,0.0,0.0,,NNW
2026-02-02 03:00:00,8.156666666666666,5.31,82.33333333333333,0.57,0.7366666666666667,1003.1916666666666,,0.0,0.0,,NNW
2026-02-02 04:00:00,7.685,4.903333333333333,82.5,0.61,0.7583333333333333,1003.5875,,0.0,0.0,,NNW
2026-02-02 05:00:00,7.485833333333333,5.264166666666667,86.0,0.7966666666666667,0.9358333333333334,1003.8675,,0.0,0.0,,NNW
2026-02-02 06:00:00,7.509166666666666,5.7175,88.41666666666667,0.7445454545454545,0.7966666666666667,1004.3433333333332,,0.0,0.17500000000000002,,NNW
2026-02-02 07:00:00,7.6475,5.295,85.25,0.9049999999999999,1.1733333333333333,1004.995,1.78,0.0,12.141666666666667,0.25,NNW
2026-02-02 08:00:00,7.528333333333333,6.005,90.16666666666667,0.48200000000000004,0.6418181818181817,1006.1850000000001,2.0124999999999997,0.0,28.058333333333334,1.78,NW
2026-02-02 09:00:00,7.528333333333333,6.6025,94.33333333333333,0.182,0.259,1006.8266666666667,2.44,0.0,47.425000000000004,3.05,NNE
2026-02-02 10:00:00,8.514166666666666,7.6883333333333335,94.83333333333333,0.23545454545454544,0.38636363636363635,1007.1383333333333,,2.75,337.2416666666667,3.05,NNE
2026-02-02 11:00:00,9.263333333333334,8.166666666666666,92.91666666666667,0.8558333333333333,1.1791666666666667,1007.4783333333334,1.9483333333333333,1.8333333333333333,248.61666666666667,3.81,ENE
2026-02-02 12:00:00,9.009166666666667,8.018333333333333,94.0,0.5009090909090909,0.7563636363636363,1007.6766666666666,,0.4166666666666667,97.94166666666666,3.81,NNW
2026-02-02 13:00:00,10.453333333333333,8.585833333333333,88.5,0.23200000000000004,0.434,1007.535,,2.5,305.34999999999997,3.81,NNE
2026-02-02 14:00:00,12.2725,8.236666666666666,76.41666666666667,0.29,0.48500000000000004,1007.96,,1.4166666666666667,190.01666666666665,3.81,SE
2026-02-02 15:00:00,10.606666666666667,8.383333333333333,86.41666666666667,0.15777777777777777,0.22200000000000003,1008.7791666666667,,0.0,57.85833333333333,3.81,NNE
2026-02-02 16:00:00,9.095833333333333,7.521666666666667,90.0,0.457,0.5563636363636364,1009.48,,0.0,20.416666666666668,3.81,North
2026-02-02 17:00:00,7.495,6.416666666666667,93.08333333333333,0.6663636363636364,0.8081818181818182,1009.9333333333334,,0.0,0.2833333333333334,3.81,
2026-02-02 18:00:00,7.314166666666666,6.324166666666667,94.0,0.6116666666666667,0.7608333333333334,1010.415,,0.0,0.0,3.81,NNW
2026-02-02 19:00:00,6.736666666666667,5.7875000000000005,94.16666666666667,0.7333333333333334,0.9191666666666666,1011.2616666666667,,0.0,0.0,3.81,NNW
2026-02-02 20:00:00,7.055833333333333,6.218333333333334,94.91666666666667,0.46166666666666667,0.635,1011.8783333333334,,0.0,0.0,3.81,NW
2026-02-02 21:00:00,7.560833333333334,6.5225,93.58333333333333,0.5508333333333334,0.6958333333333333,1012.4733333333334,,0.0,0.0,3.81,NNW
2026-02-02 22:00:00,7.236666666666667,6.2375,93.91666666666667,0.5291666666666667,0.6891666666666666,1012.8416666666667,,0.0,0.0,3.81,NW
2026-02-02 23:00:00,7.2491666666666665,6.031666666666666,91.75,0.5718181818181818,0.725,1013.4083333333333,,0.0,0.0,3.81,NNW
2026-02-03 00:00:00,7.4624999999999995,5.963333333333334,90.08333333333333,0.6,0.7600000000000001,1013.805,,0.0,0.0,,NNW
2026-02-03 01:00:00,7.934166666666667,6.168333333333333,88.58333333333333,0.8758333333333334,1.0541666666666667,1014.0,,0.0,0.0,,NNW
2026-02-03 02:00:00,8.450833333333334,6.601666666666667,88.0,0.4575,0.6266666666666667,1014.4183333333334,,0.0,0.0,,NNW
2026-02-03 03:00:00,8.625,6.629166666666666,87.25,0.43250000000000005,0.5816666666666667,1014.2783333333333,,0.0,0.0,,NNW
2026-02-03 04:00:00,7.916666666666667,6.2575,89.16666666666667,0.42250000000000004,0.5708333333333333,1013.7766666666666,,0.0,0.0,,NNW
2026-02-03 05:00:00,8.2875,6.779166666666666,90.0,0.39666666666666667,0.5316666666666666,1013.7483333333333,,0.0,0.0,,NNW
2026-02-03 06:00:00,9.240833333333333,7.194166666666667,87.0,0.3383333333333334,0.4983333333333333,1014.1941666666667,,0.0,0.03333333333333333,,NNW
2026-02-03 07:00:00,10.384166666666667,7.8133333333333335,84.16666666666667,0.29750000000000004,0.445,1014.6733333333333,,0.0,18.008333333333333,,NNW
2026-02-03 08:00:00,11.999166666666667,7.973333333333334,76.41666666666667,0.6441666666666667,0.9583333333333334,1014.8433333333332,,0.08333333333333333,59.76666666666667,,East
2026-02-03 09:00:00,13.708333333333334,8.369166666666667,70.5,1.6658333333333335,2.3741666666666665,1015.07,,1.9166666666666667,243.65833333333333,,East
2026-02-03 10:00:00,13.967500000000001,8.1625,67.91666666666667,2.0858333333333334,2.9175,1015.495,,1.5,196.74166666666667,,ESE
2026-02-03 11:00:00,13.495833333333332,8.500833333333334,71.91666666666667,1.7125000000000001,2.4675,1015.4383333333334,,0.08333333333333333,50.541666666666664,,East
2026-02-03 12:00:00,12.972499999999998,9.025,76.83333333333333,1.3333333333333333,1.9191666666666667,1015.1266666666667,,0.0,39.19166666666667,,ESE
2026-02-03 13:00:00,13.514166666666666,8.883333333333333,73.5,1.3966666666666667,1.9675,1014.5316666666666,,0.0,27.708333333333332,,East
2026-02-03 14:00:00,13.615833333333333,8.935,73.58333333333333,1.2883333333333333,1.825,1014.5033333333332,,0.0,26.933333333333334,,ESE
2026-02-03 15:00:00,13.430833333333334,9.436666666666666,76.83333333333333,1.5891666666666666,2.2125,1014.2483333333333,,0.0,9.049999999999999,,East
2026-02-03 16:00:00,12.230833333333335,10.231666666666667,87.58333333333333,0.7741666666666668,1.1175,1014.0,1.5250000000000001,0.0,1.075,0.51,ESE
2026-02-03 17:00:00,12.282499999999999,10.486666666666666,88.83333333333333,0.9016666666666667,1.3466666666666667,1013.9725,,0.0,0.0,0.51,ENE
2026-02-03 18:00:00,12.989166666666668,10.323333333333332,84.0,0.44333333333333336,0.7008333333333333,1013.945,,0.0,0.0,0.51,ENE
2026-02-03 19:00:00,13.199166666666665,10.5175,83.91666666666667,0.44333333333333336,0.6866666666666666,1013.945,,0.0,0.0,0.51,NW
2026-02-03 20:00:00,14.2575,9.689166666666667,74.0,1.2033333333333334,1.7358333333333331,1013.805,,0.0,0.0,0.51,ESE
2026-02-03 21:00:00,14.11,8.980833333333333,71.16666666666667,1.0933333333333335,1.5641666666666667,1013.7199999999999,,0.0,0.0,0.51,East
2026-02-03 22:00:00,15.195,8.5325,64.66666666666667,1.8766666666666667,2.61,1013.7766666666666,,0.0,0.0,0.51,SE
2026-02-03 23:00:00,15.378333333333332,8.634166666666667,64.08333333333333,2.1199999999999997,2.9433333333333334,1013.6066666666667,,0.0,0.0,0.51,NE
2026-02-04 00:00:00,15.115833333333333,8.621666666666668,65.16666666666667,1.4233333333333331,1.9616666666666667,1012.955,,0.0,0.0,,NNW
2026-02-04 01:00:00,15.065,8.8375,66.33333333333333,1.3233333333333335,1.8708333333333333,1012.7283333333334,,0.0,0.0,,NNW
2026-02-04 02:00:00,14.745833333333332,9.15,69.08333333333333,1.0483333333333333,1.49,1012.3316666666666,,0.0,0.0,,NNW
2026-02-04 03:00:00,14.2125,9.170833333333333,71.58333333333333,0.525,0.7533333333333334,1011.8216666666667,,0.0,0.0,,NNW
2026-02-04 04:00:00,13.431666666666667,9.185833333333333,75.41666666666667,0.30916666666666665,0.5041666666666667,1011.2325,,0.0,0.0,,NNW
2026-02-04 05:00:00,13.791666666666666,9.175833333333333,73.66666666666667,0.8483333333333333,1.2516666666666667,1010.7266666666668,,0.0,0.0,,NW
2026-02-04 06:00:00,14.338333333333333,9.116666666666667,70.83333333333333,0.8233333333333333,1.1966666666666668,1009.82,,0.0,0.075,,NNW
2026-02-04 07:00:00,13.579166666666666,9.046666666666667,73.91666666666667,0.3372727272727273,0.4916666666666667,1009.0308333333332,,0.0,15.816666666666668,,NW
2026-02-04 08:00:00,14.054166666666667,8.495833333333334,69.5,0.6358333333333334,0.9241666666666667,1008.6116666666667,,0.16666666666666666,74.78333333333333,,
2026-02-04 09:00:00,15.828333333333333,7.266666666666667,56.833333333333336,1.9108333333333334,2.5883333333333334,1008.0166666666668,,1.0,135.0,,SE
2026-02-04 10:00:00,17.199166666666667,6.091666666666666,48.166666666666664,2.0116666666666667,2.7916666666666665,1006.8566666666667,,2.0833333333333335,267.05833333333334,,SE
2026-02-04 11:00:00,17.018333333333334,6.12,48.833333333333336,2.4466666666666668,3.401666666666667,1005.9016666666666,,0.8333333333333334,126.65833333333335,,SE
2026-02-04 12:00:00,17.2075,6.003333333333334,48.083333333333336,1.6983333333333333,2.3425,1004.2033333333334,,1.0833333333333333,169.15833333333333,,ESE
2026-02-04 13:00:00,18.110833333333332,5.52,43.5,1.6441666666666668,2.276666666666667,1002.8233333333333,,1.0,160.03333333333333,,SE
2026-02-04 14:00:00,18.00916666666667,4.648333333333333,41.416666666666664,2.1008333333333336,2.955833333333333,1001.6933333333333,,0.3333333333333333,78.43333333333334,,ESE
2026-02-04 15:00:00,18.350833333333334,3.6199999999999997,37.5,2.813333333333333,3.955833333333333,1000.5383333333333,,0.0,15.166666666666666,,SE
2026-02-04 16:00:00,18.403333333333332,3.3833333333333333,36.833333333333336,2.765,3.9525,999.2116666666667,,0.0,2.475,,ESE
2026-02-04 17:00:00,18.305,3.8058333333333336,38.166666666666664,3.2624999999999997,4.649166666666667,998.2241666666667,,0.0,0.0,,SE
2026-02-04 18:00:00,13.111666666666666,9.75,81.5,4.2175,6.493333333333333,1001.4133333333334,1.78,0.0,0.0,0.25,ESE
2026-02-04 19:00:00,11.658333333333333,10.079166666666667,90.25,3.106666666666667,4.44,1000.4533333333334,2.7960000000000003,0.0,0.0,2.29,East
2026-02-04 20:00:00,10.815833333333332,9.7175,93.25,1.2625,1.8116666666666668,998.5066666666667,1.5250000000000001,0.0,0.0,2.79,SE
2026-02-04 21:00:00,12.481666666666667,8.85,78.66666666666667,4.850833333333333,7.084166666666666,997.2616666666667,1.78,0.0,0.0,3.05,SSE
2026-02-04 22:00:00,12.841666666666667,7.695,70.91666666666667,5.166666666666667,7.358333333333333,996.9499999999999,1.78,0.0,0.0,3.3,SSE
2026-02-04 23:00:00,11.156666666666666,8.395,83.08333333333333,4.806666666666667,6.8175,997.29,2.3299999999999996,0.0,0.0,4.83,SE
2026-02-05 00:00:00,11.291666666666666,8.769166666666667,85.0,3.1133333333333333,4.444166666666667,997.2049999999999,1.78,0.0,0.0,,NNW
2026-02-05 01:00:00,12.564166666666667,8.719166666666666,77.25,2.7816666666666663,3.9525,997.4033333333333,,0.0,0.0,,NNW
2026-02-05 02:00:00,12.7275,9.625,81.58333333333333,2.165833333333333,3.1341666666666668,997.0633333333334,7.11,0.0,0.0,1.27,NNW
2026-02-05 03:00:00,12.220833333333333,10.299999999999999,88.16666666666667,1.8275,2.660833333333333,996.39,1.78,0.0,0.0,1.52,NW
2026-02-05 04:00:00,12.764166666666666,10.57,86.75,1.5458333333333334,2.325833333333333,996.1383333333333,1.78,0.0,0.0,1.52,NW
2026-02-05 05:00:00,13.170833333333334,10.8925,86.25,1.0683333333333334,1.5133333333333334,995.6850000000001,,0.0,0.0,1.52,NNW
2026-02-05 06:00:00,12.560833333333333,10.32,86.16666666666667,2.0025,2.9233333333333333,996.0816666666666,,0.0,0.06666666666666667,1.52,NNW
2026-02-05 07:00:00,12.470833333333333,9.065833333333334,79.75,2.1666666666666665,3.081666666666667,996.445,,0.0,14.875,1.52,NW
2026-02-05 08:00:00,12.128333333333332,9.772499999999999,85.75,2.6441666666666666,3.7325,996.5025,1.83,0.0,30.633333333333336,2.03,ESE
2026-02-05 09:00:00,11.639166666666668,9.721666666666666,88.16666666666667,2.408333333333333,3.42,997.12,1.78,0.16666666666666666,70.49166666666666,2.29,ESE
2026-02-05 10:00:00,12.485,9.26,80.75,2.046666666666667,2.8991666666666664,997.2049999999999,,0.5833333333333334,103.35833333333333,2.29,East
2026-02-05 11:00:00,12.799166666666666,9.19,78.5,2.5175,3.6291666666666664,996.8650000000001,,1.0833333333333333,165.44166666666666,2.29,ESE
2026-02-05 12:00:00,12.905833333333334,9.444166666666666,79.33333333333333,2.4099999999999997,3.375833333333333,996.7233333333334,,0.5833333333333334,110.38333333333333,2.29,SE
2026-02-05 13:00:00,12.967500000000001,9.48,79.33333333333333,1.7025,2.4258333333333333,996.5,3.6849999999999996,0.25,81.13333333333334,3.3,SE
2026-02-05 14:00:00,11.082500000000001,9.852500000000001,92.33333333333333,0.445,0.7066666666666667,996.8650000000001,14.075833333333334,0.0,15.016666666666666,14.48,East
2026-02-05 15:00:00,11.49,10.69,95.0,1.175,1.7025,997.1766666666666,1.67,0.0,21.808333333333334,15.24,
2026-02-05 16:00:00,9.667499999999999,8.7075,94.16666666666667,1.8533333333333335,2.5625,997.6016666666666,12.855,0.0,4.541666666666667,27.43,West
2026-02-05 17:00:00,8.851666666666667,8.138333333333334,95.41666666666667,0.7516666666666666,0.9466666666666667,998.1966666666667,32.8275,0.0,0.425,33.02,WNW
2026-02-05 18:00:00,9.3425,8.889166666666666,96.75,0.9754545454545455,1.1490909090909092,998.6216666666666,,0.0,0.0,33.02,NW
2026-02-05 19:00:00,9.635833333333332,9.2125,97.0,0.6166666666666667,0.7708333333333334,998.9333333333334,,0.0,0.0,33.02,NNE
2026-02-05 20:00:00,9.424999999999999,9.139166666666666,98.0,0.5133333333333333,0.6583333333333333,998.9900000000001,,0.0,0.0,33.02,NNW
2026-02-05 21:00:00,9.0175,8.708333333333334,98.0,0.6716666666666667,0.8416666666666667,999.0450000000001,,0.0,0.0,33.02,NW
2026-02-05 22:00:00,8.2225,7.935,98.0,0.7525,0.8933333333333334,998.9325,,0.0,0.0,33.02,NNW
2026-02-05 23:00:00,8.524166666666666,8.225833333333332,98.08333333333333,0.8791666666666668,1.0541666666666667,999.2925,,0.0,0.0,33.02,NW
2026-02-06 00:00:00,8.949166666666667,8.674999999999999,98.33333333333333,0.5700000000000001,0.5775,999.3225000000001,2.7960000000000003,0.0,0.0,1.02,NNW
2026-02-06 01:00:00,9.279166666666667,9.078333333333333,99.0,0.4875,0.6816666666666666,999.3783333333334,3.279,0.0,0.0,2.79,NNW
2026-02-06 02:00:00,9.461666666666666,9.264999999999999,99.0,0.3654545454545455,0.46,999.1550000000001,,0.0,0.0,2.79,NNW
2026-02-06 03:00:00,9.5275,9.328333333333333,99.0,0.3233333333333333,0.45916666666666667,998.7916666666666,,0.0,0.0,2.79,NNW
2026-02-06 04:00:00,9.9075,9.708333333333334,99.0,0.165,0.2783333333333333,997.8850000000001,,0.0,0.0,2.79,NNW
2026-02-06 05:00:00,10.879166666666668,10.680833333333332,99.0,1.1325,1.6325,997.4316666666667,,0.0,0.0,2.79,NW
2026-02-06 06:00:00,11.274999999999999,10.99,98.0,1.6875,2.4366666666666665,997.29,1.27,0.0,0.03333333333333333,3.05,NW
2026-02-06 07:00:00,11.3575,11.041666666666666,97.66666666666667,1.8183333333333334,2.59,996.8650000000001,4.263333333333334,0.0,2.7916666666666665,5.59,NW
2026-02-06 08:00:00,11.515,11.014166666666666,96.5,2.2983333333333333,3.296666666666667,996.61,2.57375,0.0,17.150000000000002,6.6,NNW
2026-02-06 09:00:00,11.388333333333334,10.894166666666665,96.58333333333333,1.8816666666666668,2.7424999999999997,996.4433333333333,10.731666666666667,0.0,14.941666666666668,15.75,ESE
2026-02-06 10:00:00,10.963333333333333,10.560833333333333,97.0,1.2858333333333334,1.9391666666666667,995.7416666666667,17.844166666666666,0.0,16.366666666666667,32.0,SE
2026-02-06 11:00:00,10.949166666666668,10.550833333333333,97.0,0.521,0.778,994.3266666666667,14.859166666666667,0.0,26.46666666666667,45.47,ESE
2026-02-06 12:00:00,10.976666666666667,10.685,98.0,0.4466666666666667,0.6341666666666667,993.5416666666666,19.706666666666667,0.0,44.86666666666667,61.72,
2026-02-06 13:00:00,11.705833333333333,11.393333333333333,98.0,0.1375,0.21400000000000002,992.89,8.065000000000001,0.4166666666666667,88.30833333333334,62.48,NNE
2026-02-06 14:00:00,12.769166666666665,12.472499999999998,98.0,0.18666666666666665,0.28,992.9466666666667,,0.16666666666666666,71.16666666666667,62.48,
2026-02-06 15:00:00,13.338333333333333,13.041666666666666,98.0,0.3071428571428571,0.41250000000000003,993.06,,0.25,81.175,62.48,WNW
2026-02-06 16:00:00,14.199166666666665,13.944166666666668,98.33333333333333,0.04,0.04,993.7666666666668,,0.0,40.324999999999996,62.48,NNE
2026-02-06 17:00:00,12.764166666666668,12.579166666666666,99.0,0.8008333333333333,0.9725,994.4383333333334,,0.0,0.5666666666666667,62.48,NNW
2026-02-06 18:00:00,12.281666666666666,12.101666666666667,99.0,0.6,0.7383333333333333,995.3449999999999,,0.0,0.0,62.48,NNW
2026-02-06 19:00:00,12.458333333333334,12.259166666666667,99.0,0.612,0.8140000000000001,996.2233333333334,,0.0,0.0,62.48,NW
2026-02-06 20:00:00,12.450000000000001,12.258333333333333,99.0,0.672,0.8663636363636364,996.9241666666667,1.27,0.0,0.0,62.74,NW
2026-02-06 21:00:00,12.439166666666667,12.240833333333333,99.0,0.8925000000000001,1.3099999999999998,997.7716666666666,,0.0,0.0,62.74,NW
2026-02-06 22:00:00,12.509166666666667,12.318333333333333,99.0,0.5445454545454546,0.7481818181818182,998.4233333333333,,0.0,0.0,62.74,NNW
2026-02-06 23:00:00,12.319166666666668,12.135,99.0,0.9500000000000001,1.3816666666666666,999.2666666666668,10.92,0.0,0.0,64.52,NNW
2026-02-07 00:00:00,10.935,10.755,99.0,0.7683333333333334,1.1408333333333334,1000.1700000000001,10.92,0.0,0.0,,WNW
2026-02-07 01:00:00,10.647499999999999,10.435,99.0,0.22777777777777775,0.285,1000.68,,0.0,0.0,,NNW
2026-02-07 02:00:00,10.5,10.28,99.0,0.22285714285714286,0.28375,1001.58,,0.0,0.0,,NW
2026-02-07 03:00:00,10.5,10.28,99.0,0.32,0.4816666666666667,1002.0866666666667,,0.0,0.0,,NNW
2026-02-07 04:00:00,10.758333333333333,10.570833333333333,99.0,0.22800000000000004,0.30454545454545456,1002.7383333333333,,0.0,0.0,,NNW
2026-02-07 05:00:00,10.9675,10.759166666666667,99.0,0.5444444444444445,0.8022222222222222,1003.475,3.9880000000000004,0.0,0.0,2.29,NNW
2026-02-07 06:00:00,10.268333333333333,10.098333333333333,99.0,0.29,0.446,1004.0625,10.209999999999999,0.0,0.27499999999999997,5.84,NNW
2026-02-07 07:00:00,10.371666666666666,10.198333333333332,99.0,0.41111111111111115,0.68,1004.9383333333334,4.619090909090909,0.0,21.05,8.64,NW
2026-02-07 08:00:00,10.953333333333333,10.764166666666668,99.0,0.513,0.6736363636363637,1005.4483333333333,,0.3333333333333333,93.06666666666666,8.64,NNE
2026-02-07 09:00:00,12.25,12.042499999999999,98.91666666666667,0.21833333333333335,0.3758333333333333,1006.1,,1.3333333333333333,182.3083333333333,8.64,WNW
2026-02-07 10:00:00,12.139166666666668,11.939166666666667,99.0,0.3566666666666667,0.5958333333333333,1006.27,,2.3333333333333335,274.3,8.64,NE
2026-02-07 11:00:00,13.051666666666668,12.745833333333332,98.0,0.28875,0.4375,1005.8449999999999,3.964,2.9166666666666665,336.65000000000003,9.65,NNW
2026-02-07 12:00:00,12.755,12.443333333333333,98.0,0.176,0.304,1006.015,3.62,1.0833333333333333,173.03333333333333,11.43,North
2026-02-07 13:00:00,11.635,11.300833333333335,97.66666666666667,0.4309090909090909,0.6627272727272727,1006.1,20.002499999999998,0.8333333333333334,141.89166666666668,21.59,East
2026-02-07 14:00:00,13.448333333333332,13.059166666666668,97.41666666666667,0.3272727272727272,0.4808333333333334,1006.1566666666668,,2.3333333333333335,288.8833333333333,21.59,NNE
2026-02-07 15:00:00,13.81,12.9275,94.25,0.23090909090909092,0.3625,1006.4375,,0.25,64.25,21.59,East
2026-02-07 16:00:00,13.411666666666667,12.401666666666666,93.83333333333333,0.10400000000000001,0.17416666666666666,1006.77,,0.0,13.666666666666666,21.59,NNE
2026-02-07 17:00:00,12.268333333333333,11.654166666666667,96.0,0.4991666666666667,0.6591666666666667,1006.8266666666667,,0.0,0.17500000000000002,21.59,North
2026-02-07 18:00:00,10.921666666666667,10.513333333333334,97.0,0.5072727272727273,0.6745454545454546,1006.9683333333334,,0.0,0.0,21.59,NNW
2026-02-07 19:00:00,10.990833333333333,10.634166666666667,97.58333333333333,0.44181818181818183,0.589090909090909,1007.0816666666666,2.415,0.0,0.0,22.1,NNW
2026-02-07 20:00:00,11.430833333333334,11.138333333333334,98.0,0.389,0.5149999999999999,1007.1383333333333,2.16,0.0,0.0,22.1,NNW
2026-02-07 21:00:00,11.435,11.1475,98.0,0.4291666666666667,0.6008333333333333,1006.9125,,0.0,0.0,22.1,NNW
2026-02-07 22:00:00,10.995,10.703333333333333,98.0,0.6958333333333333,0.9175,1006.1850000000001,,0.0,0.0,22.1,NNW
2026-02-07 23:00:00,11.226666666666667,10.625,96.08333333333333,0.7766666666666667,1.145,1006.2416666666667,3.643333333333333,0.0,0.0,23.88,
2026-02-08 00:00:00,10.674999999999999,10.166666666666666,96.5,0.3890909090909091,0.5609090909090909,1005.5616666666666,4.235,0.0,0.0,3.56,NNW
2026-02-08 01:00:00,10.370833333333334,10.07,97.83333333333333,0.19714285714285712,0.23374999999999999,1005.5616666666666,6.4975,0.0,0.0,9.4,NNW
2026-02-08 02:00:00,10.424999999999999,10.135,98.0,1.018181818181818,1.4936363636363637,1005.7599999999999,7.2175,0.0,0.0,15.49,NNW
2026-02-08 03:00:00,10.1525,9.8475,98.0,0.41363636363636364,0.6181818181818182,1005.4483333333333,4.51,0.0,0.0,19.3,NW
2026-02-08 04:00:00,9.8575,9.620833333333334,98.5,0.13,0.23199999999999998,1005.2783333333333,3.643333333333333,0.0,0.0,21.34,NNW
2026-02-08 05:00:00,9.476666666666667,9.278333333333334,99.0,0.3575,0.5033333333333333,1005.5616666666666,1.5250000000000001,0.0,0.0,21.84,NNW
2026-02-08 06:00:00,9.079166666666667,8.883333333333333,99.0,0.50875,0.518,1005.5616666666666,1.8885714285714286,0.0,0.09999999999999999,22.61,NNW
2026-02-08 07:00:00,9.088333333333333,8.893333333333333,99.0,0.6375000000000001,0.9166666666666666,1006.4916666666667,,0.0,19.658333333333335,22.61,NNW
2026-02-08 08:00:00,9.740833333333333,9.546666666666667,99.0,0.58,0.683,1007.0816666666666,,0.4166666666666667,99.80833333333334,22.61,NNE
2026-02-08 09:00:00,10.902500000000002,10.675833333333335,98.75,0.30333333333333334,0.4991666666666667,1007.5633333333334,,1.8333333333333333,236.58333333333334,22.61,NW
2026-02-08 10:00:00,11.986666666666666,11.086666666666666,94.25,0.8166666666666665,1.125,1007.7049999999999,,2.9166666666666665,346.59999999999997,22.61,WNW
2026-02-08 11:00:00,13.49,10.704166666666666,83.33333333333333,0.9241666666666667,1.2858333333333334,1007.6483333333334,,3.75,433.7416666666666,22.61,WNW
2026-02-08 12:00:00,14.36,10.586666666666668,78.25,1.1241666666666668,1.5566666666666666,1007.5066666666667,,4.166666666666667,478.06666666666666,22.61,SE
2026-02-08 13:00:00,13.99,10.4025,79.08333333333333,1.0425,1.5083333333333335,1007.4216666666667,,2.9166666666666665,337.125,22.61,ESE
2026-02-08 14:00:00,15.112499999999999,10.740833333333333,75.25,0.8008333333333333,1.17,1007.5633333333334,,3.5833333333333335,419.55833333333334,22.61,NNE
2026-02-08 15:00:00,13.69,10.014166666666666,78.41666666666667,0.5363636363636364,0.7558333333333334,1007.79,,0.5833333333333334,109.14999999999999,22.61,NNW
2026-02-08 16:00:00,13.004166666666668,9.5825,79.91666666666667,0.32,0.5283333333333333,1008.045,,0.0,33.75,22.61,ESE
2026-02-08 17:00:00,11.681666666666667,9.815,88.33333333333333,0.42416666666666664,0.5766666666666667,1008.5833333333334,,0.0,0.24166666666666667,22.61,
2026-02-08 18:00:00,10.2925,9.258333333333333,93.58333333333333,0.69,0.8566666666666668,1008.6966666666667,,0.0,0.0,22.61,
2026-02-08 19:00:00,9.336666666666668,8.569166666666666,95.0,0.8127272727272726,0.9990909090909091,1008.3566666666667,,0.0,0.0,22.61,NNW
2026-02-08 20:00:00,9.245,8.4075,94.75,0.46249999999999997,0.615,1008.13,,0.0,0.0,22.61,NNW
2026-02-08 21:00:00,9.350833333333332,8.495833333333334,94.58333333333333,0.6708333333333334,0.8041666666666667,1008.3283333333334,,0.0,0.0,22.61,NW
2026-02-08 22:00:00,8.84625,8.23,95.625,0.6242857142857143,0.7671428571428571,1008.555,,0.0,0.0,22.61,NNW
2026-02-08 23:00:00,8.846666666666666,8.158333333333333,95.33333333333333,0.6441666666666667,0.8058333333333333,1008.555,,0.0,0.0,22.61,NNW
2026-02-09 00:00:00,8.778333333333334,7.989999999999999,95.0,0.7833333333333333,0.9725,1008.1866666666666,,0.0,0.0,,NW
2026-02-09 01:00:00,8.764166666666666,7.851666666666667,94.25,0.7958333333333334,0.9708333333333333,1007.8466666666667,,0.0,0.0,,NNW
2026-02-09 02:00:00,9.013333333333334,7.976666666666667,93.33333333333333,0.8375,1.0283333333333333,1007.195,,0.0,0.0,,NNW
2026-02-09 03:00:00,9.315833333333332,8.144166666666667,92.25,0.6308333333333334,0.77,1006.1850000000001,,0.0,0.0,,NNW
2026-02-09 04:00:00,9.569166666666666,8.283333333333333,91.66666666666667,0.8533333333333334,1.0416666666666667,1006.27,,0.0,0.0,,NNW
2026-02-09 05:00:00,10.323333333333332,9.439166666666667,94.25,1.5308333333333335,2.1558333333333333,1006.8558333333334,11.882222222222222,0.0,0.0,7.62,NNW
2026-02-09 06:00:00,9.810833333333333,9.351666666666667,96.5,0.8091666666666667,1.1325,1006.77,1.27,0.0,0.075,7.62,NNW
2026-02-09 07:00:00,9.5275,9.096666666666666,96.83333333333333,0.38666666666666666,0.6141666666666666,1007.0816666666666,2.542,0.0,15.058333333333332,8.38,NNW
2026-02-09 08:00:00,9.702499999999999,9.278333333333334,96.91666666666667,0.7858333333333333,1.1441666666666668,1006.7983333333333,,0.0,55.24166666666667,8.38,NNW
2026-02-09 09:00:00,9.720833333333333,8.834166666666667,94.25,0.845,1.1490909090909092,1006.855,1.90625,0.08333333333333333,74.3,9.4,SSE
2026-02-09 10:00:00,10.701666666666666,10.06,95.75,0.522,0.75,1006.6875,1.576,1.0,157.26666666666668,9.91,NNE
2026-02-09 11:00:00,10.975833333333334,10.076666666666666,94.5,0.48750000000000004,0.7341666666666667,1006.2400000000001,,1.0833333333333333,169.90833333333333,9.91,SE
2026-02-09 12:00:00,13.1275,10.040833333333333,82.25,1.1308333333333334,1.6283333333333332,1005.2216666666667,,2.4166666666666665,313.35833333333335,9.91,ESE
2026-02-09 13:00:00,13.032499999999999,8.943333333333333,76.25,1.0883333333333334,1.5725,1005.0233333333334,,0.25,87.90833333333335,9.91,SE
2026-02-09 14:00:00,12.678888888888888,9.214444444444446,79.55555555555556,0.5422222222222222,0.7755555555555556,1005.0044444444445,,0.0,46.7,9.91,ENE
